"STATION","NAME","LATITUDE","LONGITUDE","ELEVATION","DATE","AWND","AWND_ATTRIBUTES","DAPR","DAPR_ATTRIBUTES","MDPR","MDPR_ATTRIBUTES","PGTM","PGTM_ATTRIBUTES","PRCP","PRCP_ATTRIBUTES","SNOW","SNOW_ATTRIBUTES","SNWD","SNWD_ATTRIBUTES","TAVG","TAVG_ATTRIBUTES","TMAX","TMAX_ATTRIBUTES","TMIN","TMIN_ATTRIBUTES","TOBS","TOBS_ATTRIBUTES","WDF2","WDF2_ATTRIBUTES","WDF5","WDF5_ATTRIBUTES","WESD","WESD_ATTRIBUTES","WESF","WESF_ATTRIBUTES","WSF2","WSF2_ATTRIBUTES","WSF5","WSF5_ATTRIBUTES","WT01","WT01_ATTRIBUTES","WT02","WT02_ATTRIBUTES","WT03","WT03_ATTRIBUTES","WT08","WT08_ATTRIBUTES"
"US1FLSM0027","ALTAMONTE SPRINGS 1.4 SE, FL US","28.64617","-81.38053","41.1","2025-06-04",,,,,,,,,"19.1",",,N",,,,,,,,,,,,,,,,,,,,,,,,,,,,,,,,
"US1FLSM0027","ALTAMONTE SPRINGS 1.4 SE, FL US","28.64617","-81.38053","41.1","2025-06-05",,,,,,,,,"10.2",",,N",,,,,,,,,,,,,,,,,,,,,,,,,,,,,,,,
"US1FLSM0027","ALTAMONTE SPRINGS 1.4 SE, FL US","28.64617","-81.38053","41.1","2025-06-09",,,,,,,,,"3.6",",,N",,,,,,,,,,,,,,,,,,,,,,,,,,,,,,,,
"US1FLSM0027","ALTAMONTE SPRINGS 1.4 SE, FL US","28.64617","-81.38053","41.1","2025-06-10",,,,,,,,,"7.9",",,N",,,,,,,,,,,,,,,,,,,,,,,,,,,,,,,,
"US1FLSM0027","ALTAMONTE SPRINGS 1.4 SE, FL US","28.64617","-81.38053","41.1","2025-06-11",,,,,,,,,"10.2",",,N",,,,,,,,,,,,,,,,,,,,,,,,,,,,,,,,
"US1FLSM0027","ALTAMONTE SPRINGS 1.4 SE, FL US","28.64617","-81.38053","41.1","2025-06-16",,,,,,,,,"1.5",",,N",,,,,,,,,,,,,,,,,,,,,,,,,,,,,,,,
"US1FLSM0049","WINTER SPRINGS 0.6 E, FL US","28.682062","-81.264204","23.8","2025-06-01",,,,,,,,,"5.3",",,N",,,,,,,,,,,,,,,,,,,,,,,,,,,,,,,,
"US1FLSM0049","WINTER SPRINGS 0.6 E, FL US","28.682062","-81.264204","23.8","2025-06-03",,,,,,,,,"17.3",",,N",,,,,,,,,,,,,,,,,,,,,,,,,,,,,,,,
"US1FLSM0049","WINTER SPRINGS 0.6 E, FL US","28.682062","-81.264204","23.8","2025-06-04",,,,,,,,,"6.1",",,N",,,,,,,,,,,,,,,,,,,,,,,,,,,,,,,,
"US1FLSM0049","WINTER SPRINGS 0.6 E, FL US","28.682062","-81.264204","23.8","2025-06-05",,,,,,,,,"12.2",",,N",,,,,,,,,,,,,,,,,,,,,,,,,,,,,,,,
"US1FLSM0049","WINTER SPRINGS 0.6 E, FL US","28.682062","-81.264204","23.8","2025-06-09",,,,,,,,,"4.6",",,N",,,,,,,,,,,,,,,,,,,,,,,,,,,,,,,,
"US1FLSM0049","WINTER SPRINGS 0.6 E, FL US","28.682062","-81.264204","23.8","2025-06-10",,,,,,,,,"26.7",",,N",,,,,,,,,,,,,,,,,,,,,,,,,,,,,,,,
"US1FLSM0049","WINTER SPRINGS 0.6 E, FL US","28.682062","-81.264204","23.8","2025-06-11",,,,,,,,,"2.8",",,N",,,,,,,,,,,,,,,,,,,,,,,,,,,,,,,,
"US1FLSM0049","WINTER SPRINGS 0.6 E, FL US","28.682062","-81.264204","23.8","2025-06-17",,,,,,,,,"0.0",",,N","0.0",",,N",,,,,,,,,,,,,,,,,,,,,,,,,,,,,,
"US1FLOR0019","UNION PARK 1.1 E, FL US","28.562445","-81.218461","19.8","2025-06-01",,,,,,,,,"6.4",",,N",,,,,,,,,,,,,,,,,,,,,,,,,,,,,,,,
"US1FLOR0019","UNION PARK 1.1 E, FL US","28.562445","-81.218461","19.8","2025-06-02",,,,,,,,,"0.0",",,N","0.0",",,N",,,,,,,,,,,,,,,,,,,,,,,,,,,,,,
"US1FLOR0019","UNION PARK 1.1 E, FL US","28.562445","-81.218461","19.8","2025-06-03",,,,,,,,,"0.8",",,N",,,,,,,,,,,,,,,,,,,,,,,,,,,,,,,,
"US1FLOR0019","UNION PARK 1.1 E, FL US","28.562445","-81.218461","19.8","2025-06-04",,,,,,,,,"6.9",",,N",,,,,,,,,,,,,,,,,,,,,,,,,,,,,,,,
"US1FLOR0019","UNION PARK 1.1 E, FL US","28.562445","-81.218461","19.8","2025-06-05",,,,,,,,,"5.8",",,N",,,,,,,,,,,,,,,,,,,,,,,,,,,,,,,,
"US1FLOR0019","UNION PARK 1.1 E, FL US","28.562445","-81.218461","19.8","2025-06-06",,,,,,,,,"0.0",",,N","0.0",",,N",,,,,,,,,,,,,,,,,,,,,,,,,,,,,,
"US1FLOR0019","UNION PARK 1.1 E, FL US","28.562445","-81.218461","19.8","2025-06-07",,,,,,,,,"4.8",",,N",,,,,,,,,,,,,,,,,,,,,,,,,,,,,,,,
"US1FLOR0019","UNION PARK 1.1 E, FL US","28.562445","-81.218461","19.8","2025-06-08",,,,,,,,,"0.0",",,N","0.0",",,N",,,,,,,,,,,,,,,,,,,,,,,,,,,,,,
"US1FLOR0019","UNION PARK 1.1 E, FL US","28.562445","-81.218461","19.8","2025-06-09",,,,,,,,,"83.6",",,N",,,,,,,,,,,,,,,,,,,,,,,,,,,,,,,,
"US1FLOR0019","UNION PARK 1.1 E, FL US","28.562445","-81.218461","19.8","2025-06-10",,,,,,,,,"2.8",",,N",,,,,,,,,,,,,,,,,,,,,,,,,,,,,,,,
"US1FLOR0019","UNION PARK 1.1 E, FL US","28.562445","-81.218461","19.8","2025-06-11",,,,,,,,,"2.0",",,N",,,,,,,,,,,,,,,,,,,,,,,,,,,,,,,,
"US1FLOR0019","UNION PARK 1.1 E, FL US","28.562445","-81.218461","19.8","2025-06-12",,,,,,,,,"0.0","T,,N",,,,,,,,,,,,,,,,,,,,,,,,,,,,,,,,
"US1FLOR0019","UNION PARK 1.1 E, FL US","28.562445","-81.218461","19.8","2025-06-13",,,,,,,,,"0.0","T,,N",,,,,,,,,,,,,,,,,,,,,,,,,,,,,,,,
"US1FLOR0019","UNION PARK 1.1 E, FL US","28.562445","-81.218461","19.8","2025-06-14",,,,,,,,,"0.0",",,N","0.0",",,N",,,,,,,,,,,,,,,,,,,,,,,,,,,,,,
"US1FLOR0019","UNION PARK 1.1 E, FL US","28.562445","-81.218461","19.8","2025-06-15",,,,,,,,,"0.0",",,N","0.0",",,N",,,,,,,,,,,,,,,,,,,,,,,,,,,,,,
"US1FLOR0019","UNION PARK 1.1 E, FL US","28.562445","-81.218461","19.8","2025-06-16",,,,,,,,,"0.0",",,N","0.0",",,N",,,,,,,,,,,,,,,,,,,,,,,,,,,,,,
"US1FLOR0019","UNION PARK 1.1 E, FL US","28.562445","-81.218461","19.8","2025-06-17",,,,,,,,,"0.0",",,N","0.0",",,N",,,,,,,,,,,,,,,,,,,,,,,,,,,,,,
"US1FLSM0044","MAITLAND 1.4 NE, FL US","28.640108","-81.349344","27.7","2025-06-01",,,,,,,,,"4.8",",,N",,,,,,,,,,,,,,,,,,,,,,,,,,,,,,,,
"US1FLSM0044","MAITLAND 1.4 NE, FL US","28.640108","-81.349344","27.7","2025-06-02",,,,,,,,,"0.0",",,N","0.0",",,N",,,,,,,,,,,,,,,,,,,,,,,,,,,,,,
"US1FLSM0044","MAITLAND 1.4 NE, FL US","28.640108","-81.349344","27.7","2025-06-03",,,,,,,,,"0.0",",,N","0.0",",,N",,,,,,,,,,,,,,,,,,,,,,,,,,,,,,
"US1FLSM0044","MAITLAND 1.4 NE, FL US","28.640108","-81.349344","27.7","2025-06-04",,,,,,,,,"19.1",",,N",,,,,,,,,,,,,,,,,,,,,,,,,,,,,,,,
"US1FLSM0044","MAITLAND 1.4 NE, FL US","28.640108","-81.349344","27.7","2025-06-06",,,,,,,,,"0.0","T,,N",,,,,,,,,,,,,,,,,,,,,,,,,,,,,,,,
"US1FLSM0044","MAITLAND 1.4 NE, FL US","28.640108","-81.349344","27.7","2025-06-07",,,,,,,,,"0.0",",,N","0.0",",,N",,,,,,,,,,,,,,,,,,,,,,,,,,,,,,
"US1FLSM0044","MAITLAND 1.4 NE, FL US","28.640108","-81.349344","27.7","2025-06-08",,,,,,,,,"0.0",",,N","0.0",",,N",,,,,,,,,,,,,,,,,,,,,,,,,,,,,,
"US1FLSM0044","MAITLAND 1.4 NE, FL US","28.640108","-81.349344","27.7","2025-06-09",,,,,,,,,"0.0",",,N","0.0",",,N",,,,,,,,,,,,,,,,,,,,,,,,,,,,,,
"US1FLSM0044","MAITLAND 1.4 NE, FL US","28.640108","-81.349344","27.7","2025-06-10",,,,,,,,,"31.8",",,N",,,,,,,,,,,,,,,,,,,,,,,,,,,,,,,,
"US1FLSM0044","MAITLAND 1.4 NE, FL US","28.640108","-81.349344","27.7","2025-06-11",,,,,,,,,"6.4",",,N",,,,,,,,,,,,,,,,,,,,,,,,,,,,,,,,
"US1FLSM0044","MAITLAND 1.4 NE, FL US","28.640108","-81.349344","27.7","2025-06-12",,,,,,,,,"0.0","T,,N",,,,,,,,,,,,,,,,,,,,,,,,,,,,,,,,
"US1FLSM0044","MAITLAND 1.4 NE, FL US","28.640108","-81.349344","27.7","2025-06-13",,,,,,,,,"0.0",",,N","0.0",",,N",,,,,,,,,,,,,,,,,,,,,,,,,,,,,,
"US1FLSM0044","MAITLAND 1.4 NE, FL US","28.640108","-81.349344","27.7","2025-06-14",,,,,,,,,"0.0",",,N","0.0",",,N",,,,,,,,,,,,,,,,,,,,,,,,,,,,,,
"US1FLSM0044","MAITLAND 1.4 NE, FL US","28.640108","-81.349344","27.7","2025-06-15",,,,,,,,,"0.0",",,N","0.0",",,N",,,,,,,,,,,,,,,,,,,,,,,,,,,,,,
"US1FLSM0044","MAITLAND 1.4 NE, FL US","28.640108","-81.349344","27.7","2025-06-16",,,,,,,,,"0.0","T,,N",,,,,,,,,,,,,,,,,,,,,,,,,,,,,,,,
"US1FLSM0044","MAITLAND 1.4 NE, FL US","28.640108","-81.349344","27.7","2025-06-17",,,,,,,,,"0.0",",,N","0.0",",,N",,,,,,,,,,,,,,,,,,,,,,,,,,,,,,
"US1FLSM0043","WINTER SPRINGS 0.6 S, FL US","28.67242","-81.27365","23.2","2025-06-01",,,,,,,,,"1.3",",,N",,,,,,,,,,,,,,,,,,,,,,,,,,,,,,,,
"US1FLSM0043","WINTER SPRINGS 0.6 S, FL US","28.67242","-81.27365","23.2","2025-06-02",,,,,,,,,"0.0",",,N","0.0",",,N",,,,,,,,,,,,,,,,,,,,,,,,,,,,,,
"US1FLSM0043","WINTER SPRINGS 0.6 S, FL US","28.67242","-81.27365","23.2","2025-06-03",,,,,,,,,"12.7",",,N",,,,,,,,,,,,,,,,,,,,,,,,,,,,,,,,
"US1FLSM0043","WINTER SPRINGS 0.6 S, FL US","28.67242","-81.27365","23.2","2025-06-04",,,,,,,,,"5.3",",,N",,,,,,,,,,,,,,,,,,,,,,,,,,,,,,,,
"US1FLSM0043","WINTER SPRINGS 0.6 S, FL US","28.67242","-81.27365","23.2","2025-06-05",,,,,,,,,"8.9",",,N",,,,,,,,,,,,,,,,,,,,,,,,,,,,,,,,
"US1FLSM0043","WINTER SPRINGS 0.6 S, FL US","28.67242","-81.27365","23.2","2025-06-06",,,,,,,,,"0.3",",,N",,,,,,,,,,,,,,,,,,,,,,,,,,,,,,,,
"US1FLSM0043","WINTER SPRINGS 0.6 S, FL US","28.67242","-81.27365","23.2","2025-06-07",,,,,,,,,"0.0",",,N","0.0",",,N",,,,,,,,,,,,,,,,,,,,,,,,,,,,,,
"US1FLSM0043","WINTER SPRINGS 0.6 S, FL US","28.67242","-81.27365","23.2","2025-06-08",,,,,,,,,"0.0",",,N","0.0",",,N",,,,,,,,,,,,,,,,,,,,,,,,,,,,,,
"US1FLSM0043","WINTER SPRINGS 0.6 S, FL US","28.67242","-81.27365","23.2","2025-06-09",,,,,,,,,"1.8",",,N",,,,,,,,,,,,,,,,,,,,,,,,,,,,,,,,
"US1FLSM0043","WINTER SPRINGS 0.6 S, FL US","28.67242","-81.27365","23.2","2025-06-10",,,,,,,,,"33.0",",,N",,,,,,,,,,,,,,,,,,,,,,,,,,,,,,,,
"US1FLSM0043","WINTER SPRINGS 0.6 S, FL US","28.67242","-81.27365","23.2","2025-06-11",,,,,,,,,"3.3",",,N",,,,,,,,,,,,,,,,,,,,,,,,,,,,,,,,
"US1FLSM0043","WINTER SPRINGS 0.6 S, FL US","28.67242","-81.27365","23.2","2025-06-12",,,,,,,,,"3.0",",,N",,,,,,,,,,,,,,,,,,,,,,,,,,,,,,,,
"US1FLSM0043","WINTER SPRINGS 0.6 S, FL US","28.67242","-81.27365","23.2","2025-06-13",,,,,,,,,"0.0",",,N","0.0",",,N",,,,,,,,,,,,,,,,,,,,,,,,,,,,,,
"US1FLSM0043","WINTER SPRINGS 0.6 S, FL US","28.67242","-81.27365","23.2","2025-06-14",,,,,,,,,"0.0",",,N","0.0",",,N",,,,,,,,,,,,,,,,,,,,,,,,,,,,,,
"US1FLSM0043","WINTER SPRINGS 0.6 S, FL US","28.67242","-81.27365","23.2","2025-06-15",,,,,,,,,"0.0",",,N","0.0",",,N",,,,,,,,,,,,,,,,,,,,,,,,,,,,,,
"US1FLSM0043","WINTER SPRINGS 0.6 S, FL US","28.67242","-81.27365","23.2","2025-06-16",,,,,,,,,"0.0",",,N","0.0",",,N",,,,,,,,,,,,,,,,,,,,,,,,,,,,,,
"US1FLSM0043","WINTER SPRINGS 0.6 S, FL US","28.67242","-81.27365","23.2","2025-06-17",,,,,,,,,"0.0",",,N","0.0",",,N",,,,,,,,,,,,,,,,,,,,,,,,,,,,,,
"US1FLOR0059","ORLANDO 0.4 SW, FL US","28.500146","-81.378958","35.1","2025-06-01",,,,,,,,,"10.9",",,N",,,,,,,,,,,,,,,,,,,,,,,,,,,,,,,,
"US1FLOR0059","ORLANDO 0.4 SW, FL US","28.500146","-81.378958","35.1","2025-06-03",,,,,,,,,"4.3",",,N",,,,,,,,,,,,,,,,,,,,,,,,,,,,,,,,
"US1FLOR0059","ORLANDO 0.4 SW, FL US","28.500146","-81.378958","35.1","2025-06-04",,,,,,,,,"11.4",",,N",,,,,,,,,,,,,,,,,,,,,,,,,,,,,,,,
"US1FLOR0059","ORLANDO 0.4 SW, FL US","28.500146","-81.378958","35.1","2025-06-05",,,,,,,,,"8.6",",,N",,,,,,,,,,,,,,,,,,,,,,,,,,,,,,,,
"US1FLOR0059","ORLANDO 0.4 SW, FL US","28.500146","-81.378958","35.1","2025-06-06",,,,,,,,,"1.0",",,N",,,,,,,,,,,,,,,,,,,,,,,,,,,,,,,,
"US1FLOR0059","ORLANDO 0.4 SW, FL US","28.500146","-81.378958","35.1","2025-06-07",,,,,,,,,"0.3",",,N",,,,,,,,,,,,,,,,,,,,,,,,,,,,,,,,
"US1FLOR0059","ORLANDO 0.4 SW, FL US","28.500146","-81.378958","35.1","2025-06-09",,,,,,,,,"5.1",",,N",,,,,,,,,,,,,,,,,,,,,,,,,,,,,,,,
"US1FLOR0059","ORLANDO 0.4 SW, FL US","28.500146","-81.378958","35.1","2025-06-10",,,,,,,,,"15.7",",,N",,,,,,,,,,,,,,,,,,,,,,,,,,,,,,,,
"US1FLOR0059","ORLANDO 0.4 SW, FL US","28.500146","-81.378958","35.1","2025-06-11",,,,,,,,,"24.9",",,N",,,,,,,,,,,,,,,,,,,,,,,,,,,,,,,,
"US1FLOR0059","ORLANDO 0.4 SW, FL US","28.500146","-81.378958","35.1","2025-06-12",,,,,,,,,"2.5",",,N",,,,,,,,,,,,,,,,,,,,,,,,,,,,,,,,
"US1FLOR0059","ORLANDO 0.4 SW, FL US","28.500146","-81.378958","35.1","2025-06-16",,,,,,,,,"5.3",",,N",,,,,,,,,,,,,,,,,,,,,,,,,,,,,,,,
"US1FLOR0059","ORLANDO 0.4 SW, FL US","28.500146","-81.378958","35.1","2025-06-17",,,,,,,,,"0.5",",,N",,,,,,,,,,,,,,,,,,,,,,,,,,,,,,,,
"US1FLSM0026","ALTAMONTE SPRINGS 1.5 N, FL US","28.68309","-81.3997","31.4","2025-06-01",,,,,,,,,"1.0",",,N",,,,,,,,,,,,,,,,,,,,,,,,,,,,,,,,
"US1FLSM0026","ALTAMONTE SPRINGS 1.5 N, FL US","28.68309","-81.3997","31.4","2025-06-02",,,,,,,,,"0.0",",,N","0.0",",,N",,,,,,,,,,,,,,,,,,,,,,,,,,,,,,
"US1FLSM0026","ALTAMONTE SPRINGS 1.5 N, FL US","28.68309","-81.3997","31.4","2025-06-03",,,,,,,,,"0.0",",,N","0.0",",,N",,,,,,,,,,,,,,,,,,,,,,,,,,,,,,
"US1FLSM0026","ALTAMONTE SPRINGS 1.5 N, FL US","28.68309","-81.3997","31.4","2025-06-04",,,,,,,,,"13.0",",,N",,,,,,,,,,,,,,,,,,,,,,,,,,,,,,,,
"US1FLSM0026","ALTAMONTE SPRINGS 1.5 N, FL US","28.68309","-81.3997","31.4","2025-06-05",,,,,,,,,"12.2",",,N",,,,,,,,,,,,,,,,,,,,,,,,,,,,,,,,
"US1FLSM0026","ALTAMONTE SPRINGS 1.5 N, FL US","28.68309","-81.3997","31.4","2025-06-06",,,,,,,,,"0.8",",,N",,,,,,,,,,,,,,,,,,,,,,,,,,,,,,,,
"US1FLSM0026","ALTAMONTE SPRINGS 1.5 N, FL US","28.68309","-81.3997","31.4","2025-06-07",,,,,,,,,"0.0",",,N","0.0",",,N",,,,,,,,,,,,,,,,,,,,,,,,,,,,,,
"US1FLSM0026","ALTAMONTE SPRINGS 1.5 N, FL US","28.68309","-81.3997","31.4","2025-06-08",,,,,,,,,"0.0",",,N","0.0",",,N",,,,,,,,,,,,,,,,,,,,,,,,,,,,,,
"US1FLSM0026","ALTAMONTE SPRINGS 1.5 N, FL US","28.68309","-81.3997","31.4","2025-06-09",,,,,,,,,"0.0",",,N","0.0",",,N",,,,,,,,,,,,,,,,,,,,,,,,,,,,,,
"US1FLSM0026","ALTAMONTE SPRINGS 1.5 N, FL US","28.68309","-81.3997","31.4","2025-06-10",,,,,,,,,"1.0",",,N",,,,,,,,,,,,,,,,,,,,,,,,,,,,,,,,
"US1FLSM0026","ALTAMONTE SPRINGS 1.5 N, FL US","28.68309","-81.3997","31.4","2025-06-11",,,,,,,,,"1.3",",,N",,,,,,,,,,,,,,,,,,,,,,,,,,,,,,,,
"US1FLSM0026","ALTAMONTE SPRINGS 1.5 N, FL US","28.68309","-81.3997","31.4","2025-06-12",,,,,,,,,"0.0",",,N","0.0",",,N",,,,,,,,,,,,,,,,,,,,,,,,,,,,,,
"US1FLSM0026","ALTAMONTE SPRINGS 1.5 N, FL US","28.68309","-81.3997","31.4","2025-06-13",,,,,,,,,"0.0",",,N","0.0",",,N",,,,,,,,,,,,,,,,,,,,,,,,,,,,,,
"US1FLSM0026","ALTAMONTE SPRINGS 1.5 N, FL US","28.68309","-81.3997","31.4","2025-06-14",,,,,,,,,"0.0",",,N","0.0",",,N",,,,,,,,,,,,,,,,,,,,,,,,,,,,,,
"US1FLSM0026","ALTAMONTE SPRINGS 1.5 N, FL US","28.68309","-81.3997","31.4","2025-06-15",,,,,,,,,"0.0",",,N","0.0",",,N",,,,,,,,,,,,,,,,,,,,,,,,,,,,,,
"US1FLSM0026","ALTAMONTE SPRINGS 1.5 N, FL US","28.68309","-81.3997","31.4","2025-06-16",,,,,,,,,"0.3",",,N",,,,,,,,,,,,,,,,,,,,,,,,,,,,,,,,
"US1FLSM0026","ALTAMONTE SPRINGS 1.5 N, FL US","28.68309","-81.3997","31.4","2025-06-17",,,,,,,,,"0.0",",,N","0.0",",,N",,,,,,,,,,,,,,,,,,,,,,,,,,,,,,
"US1FLOR0046","ORLANDO 2.2 WNW, FL US","28.5139054","-81.409581","31.4","2025-06-01",,,,,,,,,"11.2",",,N",,,,,,,,,,,,,,,,,,,,,,,,,,,,,,,,
"US1FLOR0046","ORLANDO 2.2 WNW, FL US","28.5139054","-81.409581","31.4","2025-06-02",,,,,,,,,"0.0",",,N","0.0",",,N",,,,,,,,,,,,,,,,,,,,,,,,,,,,,,
"US1FLOR0046","ORLANDO 2.2 WNW, FL US","28.5139054","-81.409581","31.4","2025-06-03",,,,,,,,,"10.4",",,N",,,,,,,,,,,,,,,,,,,,,,,,,,,,,,,,
"US1FLOR0046","ORLANDO 2.2 WNW, FL US","28.5139054","-81.409581","31.4","2025-06-04",,,,,,,,,"17.0",",,N",,,,,,,,,,,,,,,,,,,,,,,,,,,,,,,,
"US1FLOR0046","ORLANDO 2.2 WNW, FL US","28.5139054","-81.409581","31.4","2025-06-05",,,,,,,,,"14.0",",,N",,,,,,,,,,,,,,,,,,,,,,,,,,,,,,,,
"US1FLOR0046","ORLANDO 2.2 WNW, FL US","28.5139054","-81.409581","31.4","2025-06-06",,,,,,,,,"0.0",",,N","0.0",",,N",,,,,,,,,,,,,,,,,,,,,,,,,,,,,,
"US1FLOR0046","ORLANDO 2.2 WNW, FL US","28.5139054","-81.409581","31.4","2025-06-07",,,,,,,,,"0.0",",,N","0.0",",,N",,,,,,,,,,,,,,,,,,,,,,,,,,,,,,
"US1FLOR0046","ORLANDO 2.2 WNW, FL US","28.5139054","-81.409581","31.4","2025-06-08",,,,,,,,,"0.0",",,N","0.0",",,N",,,,,,,,,,,,,,,,,,,,,,,,,,,,,,
"US1FLOR0046","ORLANDO 2.2 WNW, FL US","28.5139054","-81.409581","31.4","2025-06-09",,,,,,,,,"1.3",",,N",,,,,,,,,,,,,,,,,,,,,,,,,,,,,,,,
"US1FLOR0046","ORLANDO 2.2 WNW, FL US","28.5139054","-81.409581","31.4","2025-06-10",,,,,,,,,"18.5",",,N",,,,,,,,,,,,,,,,,,,,,,,,,,,,,,,,
"US1FLOR0046","ORLANDO 2.2 WNW, FL US","28.5139054","-81.409581","31.4","2025-06-11",,,,,,,,,"16.3",",,N",,,,,,,,,,,,,,,,,,,,,,,,,,,,,,,,
"US1FLOR0046","ORLANDO 2.2 WNW, FL US","28.5139054","-81.409581","31.4","2025-06-12",,,,,,,,,"2.0",",,N",,,,,,,,,,,,,,,,,,,,,,,,,,,,,,,,
"US1FLOR0046","ORLANDO 2.2 WNW, FL US","28.5139054","-81.409581","31.4","2025-06-13",,,,,,,,,"0.0",",,N","0.0",",,N",,,,,,,,,,,,,,,,,,,,,,,,,,,,,,
"US1FLOR0046","ORLANDO 2.2 WNW, FL US","28.5139054","-81.409581","31.4","2025-06-14",,,,,,,,,"0.0",",,N","0.0",",,N",,,,,,,,,,,,,,,,,,,,,,,,,,,,,,
"US1FLOR0046","ORLANDO 2.2 WNW, FL US","28.5139054","-81.409581","31.4","2025-06-15",,,,,,,,,"0.0",",,N","0.0",",,N",,,,,,,,,,,,,,,,,,,,,,,,,,,,,,
"US1FLOR0046","ORLANDO 2.2 WNW, FL US","28.5139054","-81.409581","31.4","2025-06-16",,,,,,,,,"2.3",",,N",,,,,,,,,,,,,,,,,,,,,,,,,,,,,,,,
"US1FLOR0046","ORLANDO 2.2 WNW, FL US","28.5139054","-81.409581","31.4","2025-06-17",,,,,,,,,"0.0",",,N","0.0",",,N",,,,,,,,,,,,,,,,,,,,,,,,,,,,,,
"US1FLOR0062","OAKLAND 2.6 SSE, FL US","28.523731","-81.608362","37.8","2025-06-01",,,,,,,,,"4.8",",,N",,,,,,,,,,,,,,,,,,,,,,,,,,,,,,,,
"US1FLOR0062","OAKLAND 2.6 SSE, FL US","28.523731","-81.608362","37.8","2025-06-02",,,,,,,,,"0.0",",,N","0.0",",,N",,,,,,,,,,,,,,,,,,,,,,,,,,,,,,
"US1FLOR0062","OAKLAND 2.6 SSE, FL US","28.523731","-81.608362","37.8","2025-06-03",,,,,,,,,"0.0","T,,N",,,,,,,,,,,,,,,,,,,,,,,,,,,,,,,,
"US1FLOR0062","OAKLAND 2.6 SSE, FL US","28.523731","-81.608362","37.8","2025-06-04",,,,,,,,,"16.3",",,N",,,,,,,,,,,,,,,,,,,,,,,,,,,,,,,,
"US1FLOR0062","OAKLAND 2.6 SSE, FL US","28.523731","-81.608362","37.8","2025-06-05",,,,,,,,,"0.3",",,N",,,,,,,,,,,,,,,,,,,,,,,,,,,,,,,,
"US1FLOR0062","OAKLAND 2.6 SSE, FL US","28.523731","-81.608362","37.8","2025-06-06",,,,,,,,,"1.8",",,N",,,,,,,,,,,,,,,,,,,,,,,,,,,,,,,,
"US1FLOR0062","OAKLAND 2.6 SSE, FL US","28.523731","-81.608362","37.8","2025-06-07",,,,,,,,,"0.0",",,N","0.0",",,N",,,,,,,,,,,,,,,,,,,,,,,,,,,,,,
"US1FLOR0062","OAKLAND 2.6 SSE, FL US","28.523731","-81.608362","37.8","2025-06-08",,,,,,,,,"0.0",",,N","0.0",",,N",,,,,,,,,,,,,,,,,,,,,,,,,,,,,,
"US1FLOR0062","OAKLAND 2.6 SSE, FL US","28.523731","-81.608362","37.8","2025-06-09",,,,,,,,,"0.0",",,N","0.0",",,N",,,,,,,,,,,,,,,,,,,,,,,,,,,,,,
"US1FLOR0062","OAKLAND 2.6 SSE, FL US","28.523731","-81.608362","37.8","2025-06-10",,,,,,,,,"5.6",",,N",,,,,,,,,,,,,,,,,,,,,,,,,,,,,,,,
"US1FLOR0062","OAKLAND 2.6 SSE, FL US","28.523731","-81.608362","37.8","2025-06-11",,,,,,,,,"25.4",",,N",,,,,,,,,,,,,,,,,,,,,,,,,,,,,,,,
"US1FLOR0062","OAKLAND 2.6 SSE, FL US","28.523731","-81.608362","37.8","2025-06-12",,,,,,,,,"49.5",",,N",,,,,,,,,,,,,,,,,,,,,,,,,,,,,,,,
"US1FLOR0062","OAKLAND 2.6 SSE, FL US","28.523731","-81.608362","37.8","2025-06-13",,,,,,,,,"1.8",",,N",,,,,,,,,,,,,,,,,,,,,,,,,,,,,,,,
"US1FLOR0062","OAKLAND 2.6 SSE, FL US","28.523731","-81.608362","37.8","2025-06-14",,,,,,,,,"0.3",",,N",,,,,,,,,,,,,,,,,,,,,,,,,,,,,,,,
"US1FLOR0062","OAKLAND 2.6 SSE, FL US","28.523731","-81.608362","37.8","2025-06-15",,,,,,,,,"1.8",",,N",,,,,,,,,,,,,,,,,,,,,,,,,,,,,,,,
"US1FLOR0062","OAKLAND 2.6 SSE, FL US","28.523731","-81.608362","37.8","2025-06-16",,,,,,,,,"1.0",",,N",,,,,,,,,,,,,,,,,,,,,,,,,,,,,,,,
"US1FLOR0062","OAKLAND 2.6 SSE, FL US","28.523731","-81.608362","37.8","2025-06-17",,,,,,,,,"1.8",",,N",,,,,,,,,,,,,,,,,,,,,,,,,,,,,,,,
"US1FLOR0065","ORLANDO 5.3 ENE, FL US","28.537066","-81.294962","29.3","2025-06-02",,,"    6",",,N","39.1",",,N",,,,,,,,,,,,,,,,,,,,,,,,,,,,,,,,,,,,
"US1FLOR0065","ORLANDO 5.3 ENE, FL US","28.537066","-81.294962","29.3","2025-06-03",,,,,,,,,"0.5",",,N",,,,,,,,,,,,,,,,,,,,,,,,,,,,,,,,
"US1FLOR0065","ORLANDO 5.3 ENE, FL US","28.537066","-81.294962","29.3","2025-06-04",,,,,,,,,"9.9",",,N",,,,,,,,,,,,,,,,,,,,,,,,,,,,,,,,
"US1FLOR0065","ORLANDO 5.3 ENE, FL US","28.537066","-81.294962","29.3","2025-06-05",,,,,,,,,"14.7",",,N",,,,,,,,,,,,,,,,,,,,,,,,,,,,,,,,
"US1FLOR0065","ORLANDO 5.3 ENE, FL US","28.537066","-81.294962","29.3","2025-06-06",,,,,,,,,"1.0",",,N",,,,,,,,,,,,,,,,,,,,,,,,,,,,,,,,
"US1FLOR0065","ORLANDO 5.3 ENE, FL US","28.537066","-81.294962","29.3","2025-06-07",,,,,,,,,"8.1",",,N",,,,,,,,,,,,,,,,,,,,,,,,,,,,,,,,
"US1FLOR0065","ORLANDO 5.3 ENE, FL US","28.537066","-81.294962","29.3","2025-06-08",,,,,,,,,"0.0","T,,N",,,,,,,,,,,,,,,,,,,,,,,,,,,,,,,,
"US1FLOR0065","ORLANDO 5.3 ENE, FL US","28.537066","-81.294962","29.3","2025-06-09",,,,,,,,,"17.8",",,N",,,,,,,,,,,,,,,,,,,,,,,,,,,,,,,,
"US1FLOR0065","ORLANDO 5.3 ENE, FL US","28.537066","-81.294962","29.3","2025-06-10",,,,,,,,,"22.1",",,N",,,,,,,,,,,,,,,,,,,,,,,,,,,,,,,,
"US1FLOR0065","ORLANDO 5.3 ENE, FL US","28.537066","-81.294962","29.3","2025-06-11",,,,,,,,,"5.6",",,N",,,,,,,,,,,,,,,,,,,,,,,,,,,,,,,,
"US1FLOR0065","ORLANDO 5.3 ENE, FL US","28.537066","-81.294962","29.3","2025-06-12",,,,,,,,,"0.8",",,N",,,,,,,,,,,,,,,,,,,,,,,,,,,,,,,,
"US1FLOR0065","ORLANDO 5.3 ENE, FL US","28.537066","-81.294962","29.3","2025-06-13",,,,,,,,,"0.0","T,,N",,,,,,,,,,,,,,,,,,,,,,,,,,,,,,,,
"US1FLOR0065","ORLANDO 5.3 ENE, FL US","28.537066","-81.294962","29.3","2025-06-14",,,,,,,,,"0.0",",,N","0.0",",,N",,,,,,,,,,,,,,,,,,,,,,,,,,,,,,
"US1FLOR0065","ORLANDO 5.3 ENE, FL US","28.537066","-81.294962","29.3","2025-06-15",,,,,,,,,"0.0",",,N","0.0",",,N",,,,,,,,,,,,,,,,,,,,,,,,,,,,,,
"US1FLOR0065","ORLANDO 5.3 ENE, FL US","28.537066","-81.294962","29.3","2025-06-16",,,,,,,,,"0.0",",,N","0.0",",,N",,,,,,,,,,,,,,,,,,,,,,,,,,,,,,
"US1FLOR0065","ORLANDO 5.3 ENE, FL US","28.537066","-81.294962","29.3","2025-06-17",,,,,,,,,"0.0",",,N","0.0",",,N",,,,,,,,,,,,,,,,,,,,,,,,,,,,,,
"US1FLOR0081","APOPKA 2.6 ENE, FL US","28.700454","-81.473314","23.8","2025-06-01",,,,,,,,,"2.5",",,N",,,,,,,,,,,,,,,,,,,,,,,,,,,,,,,,
"US1FLOR0081","APOPKA 2.6 ENE, FL US","28.700454","-81.473314","23.8","2025-06-02",,,,,,,,,"0.0",",,N","0.0",",,N",,,,,,,,,,,,,,,,,,,,,,,,,,,,,,
"US1FLOR0081","APOPKA 2.6 ENE, FL US","28.700454","-81.473314","23.8","2025-06-04",,,,,,,,,"11.4",",,N",,,,,,,,,,,,,,,,,,,,,,,,,,,,,,,,
"US1FLOR0081","APOPKA 2.6 ENE, FL US","28.700454","-81.473314","23.8","2025-06-05",,,,,,,,,"6.4",",,N",,,,,,,,,,,,,,,,,,,,,,,,,,,,,,,,
"US1FLOR0081","APOPKA 2.6 ENE, FL US","28.700454","-81.473314","23.8","2025-06-06",,,,,,,,,"0.3",",,N",,,,,,,,,,,,,,,,,,,,,,,,,,,,,,,,
"US1FLOR0081","APOPKA 2.6 ENE, FL US","28.700454","-81.473314","23.8","2025-06-11",,,,,,,,,"16.3",",,N",,,,,,,,,,,,,,,,,,,,,,,,,,,,,,,,
"US1FLOR0081","APOPKA 2.6 ENE, FL US","28.700454","-81.473314","23.8","2025-06-13",,,,,,,,,"1.3",",,N",,,,,,,,,,,,,,,,,,,,,,,,,,,,,,,,
"US1FLOR0081","APOPKA 2.6 ENE, FL US","28.700454","-81.473314","23.8","2025-06-15",,,,,,,,,"0.5",",,N",,,,,,,,,,,,,,,,,,,,,,,,,,,,,,,,
"US1FLOR0081","APOPKA 2.6 ENE, FL US","28.700454","-81.473314","23.8","2025-06-16",,,,,,,,,"1.3",",,N",,,,,,,,,,,,,,,,,,,,,,,,,,,,,,,,
"US1FLOR0081","APOPKA 2.6 ENE, FL US","28.700454","-81.473314","23.8","2025-06-17",,,,,,,,,"3.0",",,N",,,,,,,,,,,,,,,,,,,,,,,,,,,,,,,,
"US1FLSM0039","LONGWOOD 2.8 NW, FL US","28.7281043","-81.383329","20.1","2025-06-01",,,,,,,,,"1.3",",,N",,,,,,,,,,,,,,,,,,,,,,,,,,,,,,,,
"US1FLSM0039","LONGWOOD 2.8 NW, FL US","28.7281043","-81.383329","20.1","2025-06-02",,,,,,,,,"0.0",",,N","0.0",",,N",,,,,,,,,,,,,,,,,,,,,,,,,,,,,,
"US1FLSM0039","LONGWOOD 2.8 NW, FL US","28.7281043","-81.383329","20.1","2025-06-03",,,,,,,,,"4.8",",,N",,,,,,,,,,,,,,,,,,,,,,,,,,,,,,,,
"US1FLSM0039","LONGWOOD 2.8 NW, FL US","28.7281043","-81.383329","20.1","2025-06-04",,,,,,,,,"3.8",",,N",,,,,,,,,,,,,,,,,,,,,,,,,,,,,,,,
"US1FLSM0039","LONGWOOD 2.8 NW, FL US","28.7281043","-81.383329","20.1","2025-06-05",,,,,,,,,"11.9",",,N",,,,,,,,,,,,,,,,,,,,,,,,,,,,,,,,
"US1FLSM0039","LONGWOOD 2.8 NW, FL US","28.7281043","-81.383329","20.1","2025-06-06",,,,,,,,,"0.8",",,N",,,,,,,,,,,,,,,,,,,,,,,,,,,,,,,,
"US1FLSM0039","LONGWOOD 2.8 NW, FL US","28.7281043","-81.383329","20.1","2025-06-09",,,"    3",",,N","0.3",",,N",,,,,,,,,,,,,,,,,,,,,,,,,,,,,,,,,,,,
"US1FLSM0039","LONGWOOD 2.8 NW, FL US","28.7281043","-81.383329","20.1","2025-06-10",,,,,,,,,"0.0",",,N","0.0",",,N",,,,,,,,,,,,,,,,,,,,,,,,,,,,,,
"US1FLSM0039","LONGWOOD 2.8 NW, FL US","28.7281043","-81.383329","20.1","2025-06-11",,,,,,,,,"2.8",",,N",,,,,,,,,,,,,,,,,,,,,,,,,,,,,,,,
"US1FLSM0039","LONGWOOD 2.8 NW, FL US","28.7281043","-81.383329","20.1","2025-06-12",,,,,,,,,"0.3",",,N",,,,,,,,,,,,,,,,,,,,,,,,,,,,,,,,
"US1FLSM0039","LONGWOOD 2.8 NW, FL US","28.7281043","-81.383329","20.1","2025-06-13",,,,,,,,,"0.0",",,N","0.0",",,N",,,,,,,,,,,,,,,,,,,,,,,,,,,,,,
"US1FLSM0039","LONGWOOD 2.8 NW, FL US","28.7281043","-81.383329","20.1","2025-06-14",,,,,,,,,"0.0",",,N","0.0",",,N",,,,,,,,,,,,,,,,,,,,,,,,,,,,,,
"US1FLSM0039","LONGWOOD 2.8 NW, FL US","28.7281043","-81.383329","20.1","2025-06-15",,,,,,,,,"0.0",",,N","0.0",",,N",,,,,,,,,,,,,,,,,,,,,,,,,,,,,,
"US1FLSM0039","LONGWOOD 2.8 NW, FL US","28.7281043","-81.383329","20.1","2025-06-16",,,,,,,,,"0.3",",,N",,,,,,,,,,,,,,,,,,,,,,,,,,,,,,,,
"US1FLSM0039","LONGWOOD 2.8 NW, FL US","28.7281043","-81.383329","20.1","2025-06-17",,,,,,,,,"0.0",",,N","0.0",",,N",,,,,,,,,,,,,,,,,,,,,,,,,,,,,,
"US1FLSM0038","WINTER SPRINGS 1.8 SSE, FL US","28.658182","-81.262409","21.0","2025-06-05",,,"    5",",,N","18.0",",,N",,,,,,,,,,,,,,,,,,,,,,,,,,,,,,,,,,,,
"US1FLSM0038","WINTER SPRINGS 1.8 SSE, FL US","28.658182","-81.262409","21.0","2025-06-06",,,,,,,,,"0.3",",,N",,,,,,,,,,,,,,,,,,,,,,,,,,,,,,,,
"US1FLSM0038","WINTER SPRINGS 1.8 SSE, FL US","28.658182","-81.262409","21.0","2025-06-07",,,,,,,,,"0.0",",,N","0.0",",,N",,,,,,,,,,,,,,,,,,,,,,,,,,,,,,
"US1FLSM0038","WINTER SPRINGS 1.8 SSE, FL US","28.658182","-81.262409","21.0","2025-06-08",,,,,,,,,"0.0",",,N","0.0",",,N",,,,,,,,,,,,,,,,,,,,,,,,,,,,,,
"US1FLSM0038","WINTER SPRINGS 1.8 SSE, FL US","28.658182","-81.262409","21.0","2025-06-09",,,,,,,,,"0.8",",,N",,,,,,,,,,,,,,,,,,,,,,,,,,,,,,,,
"US1FLSM0038","WINTER SPRINGS 1.8 SSE, FL US","28.658182","-81.262409","21.0","2025-06-10",,,,,,,,,"59.9",",,N",,,,,,,,,,,,,,,,,,,,,,,,,,,,,,,,
"US1FLSM0038","WINTER SPRINGS 1.8 SSE, FL US","28.658182","-81.262409","21.0","2025-06-11",,,,,,,,,"3.3",",,N",,,,,,,,,,,,,,,,,,,,,,,,,,,,,,,,
"US1FLSM0038","WINTER SPRINGS 1.8 SSE, FL US","28.658182","-81.262409","21.0","2025-06-12",,,,,,,,,"2.3",",,N",,,,,,,,,,,,,,,,,,,,,,,,,,,,,,,,
"US1FLSM0038","WINTER SPRINGS 1.8 SSE, FL US","28.658182","-81.262409","21.0","2025-06-13",,,,,,,,,"0.3",",,N",,,,,,,,,,,,,,,,,,,,,,,,,,,,,,,,
"US1FLSM0038","WINTER SPRINGS 1.8 SSE, FL US","28.658182","-81.262409","21.0","2025-06-14",,,,,,,,,"0.0",",,N","0.0",",,N",,,,,,,,,,,,,,,,,,,,,,,,,,,,,,
"US1FLSM0038","WINTER SPRINGS 1.8 SSE, FL US","28.658182","-81.262409","21.0","2025-06-15",,,,,,,,,"0.0",",,N","0.0",",,N",,,,,,,,,,,,,,,,,,,,,,,,,,,,,,
"US1FLSM0038","WINTER SPRINGS 1.8 SSE, FL US","28.658182","-81.262409","21.0","2025-06-16",,,,,,,,,"0.0",",,N","0.0",",,N",,,,,,,,,,,,,,,,,,,,,,,,,,,,,,
"US1FLSM0038","WINTER SPRINGS 1.8 SSE, FL US","28.658182","-81.262409","21.0","2025-06-17",,,,,,,,,"0.0",",,N","0.0",",,N",,,,,,,,,,,,,,,,,,,,,,,,,,,,,,
"US1FLSM0053","WINTER SPRINGS 0.8 ESE, FL US","28.677335","-81.263077","21.0","2025-06-01",,,,,,,,,"0.0",",,N","0.0",",,N",,,,,,,,,,,,,,,,,,,,,,,,,,,,,,
"US1FLSM0053","WINTER SPRINGS 0.8 ESE, FL US","28.677335","-81.263077","21.0","2025-06-02",,,,,,,,,"0.0",",,N","0.0",",,N",,,,,,,,,,,,,,,,,,,,,,,,,,,,,,
"US1FLSM0053","WINTER SPRINGS 0.8 ESE, FL US","28.677335","-81.263077","21.0","2025-06-03",,,,,,,,,"14.7",",,N","0.0",",,N",,,,,,,,,,,,,,,,,,,,,,,,,,,,,,
"US1FLSM0053","WINTER SPRINGS 0.8 ESE, FL US","28.677335","-81.263077","21.0","2025-06-04",,,,,,,,,"4.1",",,N",,,,,,,,,,,,,,,,,,,,,,,,,,,,,,,,
"US1FLSM0053","WINTER SPRINGS 0.8 ESE, FL US","28.677335","-81.263077","21.0","2025-06-05",,,,,,,,,"9.4",",,N",,,,,,,,,,,,,,,,,,,,,,,,,,,,,,,,
"US1FLSM0053","WINTER SPRINGS 0.8 ESE, FL US","28.677335","-81.263077","21.0","2025-06-06",,,,,,,,,"0.3",",,N",,,,,,,,,,,,,,,,,,,,,,,,,,,,,,,,
"US1FLSM0053","WINTER SPRINGS 0.8 ESE, FL US","28.677335","-81.263077","21.0","2025-06-07",,,,,,,,,"0.0","T,,N",,,,,,,,,,,,,,,,,,,,,,,,,,,,,,,,
"US1FLSM0053","WINTER SPRINGS 0.8 ESE, FL US","28.677335","-81.263077","21.0","2025-06-08",,,,,,,,,"0.0",",,N","0.0",",,N",,,,,,,,,,,,,,,,,,,,,,,,,,,,,,
"US1FLSM0053","WINTER SPRINGS 0.8 ESE, FL US","28.677335","-81.263077","21.0","2025-06-09",,,,,,,,,"2.8",",,N",,,,,,,,,,,,,,,,,,,,,,,,,,,,,,,,
"US1FLSM0053","WINTER SPRINGS 0.8 ESE, FL US","28.677335","-81.263077","21.0","2025-06-10",,,,,,,,,"23.4",",,N",,,,,,,,,,,,,,,,,,,,,,,,,,,,,,,,
"US1FLSM0053","WINTER SPRINGS 0.8 ESE, FL US","28.677335","-81.263077","21.0","2025-06-11",,,,,,,,,"3.3",",,N",,,,,,,,,,,,,,,,,,,,,,,,,,,,,,,,
"US1FLSM0053","WINTER SPRINGS 0.8 ESE, FL US","28.677335","-81.263077","21.0","2025-06-12",,,,,,,,,"2.8",",,N",,,,,,,,,,,,,,,,,,,,,,,,,,,,,,,,
"US1FLSM0053","WINTER SPRINGS 0.8 ESE, FL US","28.677335","-81.263077","21.0","2025-06-13",,,,,,,,,"0.0","T,,N",,,,,,,,,,,,,,,,,,,,,,,,,,,,,,,,
"US1FLSM0053","WINTER SPRINGS 0.8 ESE, FL US","28.677335","-81.263077","21.0","2025-06-14",,,,,,,,,"0.0",",,N","0.0",",,N",,,,,,,,,,,,,,,,,,,,,,,,,,,,,,
"US1FLSM0053","WINTER SPRINGS 0.8 ESE, FL US","28.677335","-81.263077","21.0","2025-06-15",,,,,,,,,"0.0",",,N","0.0",",,N",,,,,,,,,,,,,,,,,,,,,,,,,,,,,,
"US1FLSM0053","WINTER SPRINGS 0.8 ESE, FL US","28.677335","-81.263077","21.0","2025-06-16",,,,,,,,,"0.0",",,N","0.0",",,N",,,,,,,,,,,,,,,,,,,,,,,,,,,,,,
"US1FLSM0053","WINTER SPRINGS 0.8 ESE, FL US","28.677335","-81.263077","21.0","2025-06-17",,,,,,,,,"0.0",",,N","0.0",",,N",,,,,,,,,,,,,,,,,,,,,,,,,,,,,,
"US1FLSM0030","WINTER SPRINGS 2.3 E, FL US","28.67596","-81.23704","17.4","2025-06-01",,,"   17",",,N","58.9",",,N",,,,,,,,,,,,,,,,,,,,,,,,,,,,,,,,,,,,
"US1FLSM0030","WINTER SPRINGS 2.3 E, FL US","28.67596","-81.23704","17.4","2025-06-02",,,,,,,,,"0.0",",,N","0.0",",,N",,,,,,,,,,,,,,,,,,,,,,,,,,,,,,
"US1FLSM0030","WINTER SPRINGS 2.3 E, FL US","28.67596","-81.23704","17.4","2025-06-03",,,,,,,,,"1.8",",,N",,,,,,,,,,,,,,,,,,,,,,,,,,,,,,,,
"US1FLSM0030","WINTER SPRINGS 2.3 E, FL US","28.67596","-81.23704","17.4","2025-06-04",,,,,,,,,"6.9",",,N",,,,,,,,,,,,,,,,,,,,,,,,,,,,,,,,
"US1FLSM0030","WINTER SPRINGS 2.3 E, FL US","28.67596","-81.23704","17.4","2025-06-05",,,,,,,,,"9.4",",,N",,,,,,,,,,,,,,,,,,,,,,,,,,,,,,,,
"US1FLSM0030","WINTER SPRINGS 2.3 E, FL US","28.67596","-81.23704","17.4","2025-06-06",,,,,,,,,"0.0",",,N","0.0",",,N",,,,,,,,,,,,,,,,,,,,,,,,,,,,,,
"US1FLSM0030","WINTER SPRINGS 2.3 E, FL US","28.67596","-81.23704","17.4","2025-06-07",,,,,,,,,"0.0",",,N","0.0",",,N",,,,,,,,,,,,,,,,,,,,,,,,,,,,,,
"US1FLSM0030","WINTER SPRINGS 2.3 E, FL US","28.67596","-81.23704","17.4","2025-06-08",,,,,,,,,"0.0",",,N","0.0",",,N",,,,,,,,,,,,,,,,,,,,,,,,,,,,,,
"US1FLSM0030","WINTER SPRINGS 2.3 E, FL US","28.67596","-81.23704","17.4","2025-06-09",,,,,,,,,"3.6",",,N",,,,,,,,,,,,,,,,,,,,,,,,,,,,,,,,
"US1FLSM0030","WINTER SPRINGS 2.3 E, FL US","28.67596","-81.23704","17.4","2025-06-10",,,,,,,,,"15.5",",,N",,,,,,,,,,,,,,,,,,,,,,,,,,,,,,,,
"US1FLSM0030","WINTER SPRINGS 2.3 E, FL US","28.67596","-81.23704","17.4","2025-06-11",,,,,,,,,"5.3",",,N",,,,,,,,,,,,,,,,,,,,,,,,,,,,,,,,
"US1FLSM0030","WINTER SPRINGS 2.3 E, FL US","28.67596","-81.23704","17.4","2025-06-12",,,,,,,,,"11.2",",,N",,,,,,,,,,,,,,,,,,,,,,,,,,,,,,,,
"US1FLSM0030","WINTER SPRINGS 2.3 E, FL US","28.67596","-81.23704","17.4","2025-06-13",,,,,,,,,"0.5",",,N",,,,,,,,,,,,,,,,,,,,,,,,,,,,,,,,
"US1FLSM0030","WINTER SPRINGS 2.3 E, FL US","28.67596","-81.23704","17.4","2025-06-14",,,,,,,,,"0.0",",,N","0.0",",,N",,,,,,,,,,,,,,,,,,,,,,,,,,,,,,
"US1FLSM0030","WINTER SPRINGS 2.3 E, FL US","28.67596","-81.23704","17.4","2025-06-15",,,,,,,,,"0.0",",,N","0.0",",,N",,,,,,,,,,,,,,,,,,,,,,,,,,,,,,
"US1FLSM0030","WINTER SPRINGS 2.3 E, FL US","28.67596","-81.23704","17.4","2025-06-16",,,,,,,,,"0.0",",,N","0.0",",,N",,,,,,,,,,,,,,,,,,,,,,,,,,,,,,
"US1FLSM0030","WINTER SPRINGS 2.3 E, FL US","28.67596","-81.23704","17.4","2025-06-17",,,,,,,,,"0.0",",,N","0.0",",,N",,,,,,,,,,,,,,,,,,,,,,,,,,,,,,
"US1FLSM0052","CASSELBERRY 1.9 E, FL US","28.6663852","-81.2927706","18.9","2025-06-01",,,,,,,,,"4.3",",,N",,,,,,,,,,,,,,,,,,,,,,,,,,,,,,,,
"US1FLSM0052","CASSELBERRY 1.9 E, FL US","28.6663852","-81.2927706","18.9","2025-06-02",,,,,,,,,"0.0",",,N","0.0",",,N",,,,,,,,,,,,,,,,,,,,,,,,,,,,,,
"US1FLSM0052","CASSELBERRY 1.9 E, FL US","28.6663852","-81.2927706","18.9","2025-06-03",,,,,,,,,"8.9",",,N",,,,,,,,,,,,,,,,,,,,,,,,,,,,,,,,
"US1FLSM0052","CASSELBERRY 1.9 E, FL US","28.6663852","-81.2927706","18.9","2025-06-04",,,,,,,,,"3.3",",,N",,,,,,,,,,,,,,,,,,,,,,,,,,,,,,,,
"US1FLSM0052","CASSELBERRY 1.9 E, FL US","28.6663852","-81.2927706","18.9","2025-06-05",,,,,,,,,"5.8",",,N",,,,,,,,,,,,,,,,,,,,,,,,,,,,,,,,
"US1FLSM0052","CASSELBERRY 1.9 E, FL US","28.6663852","-81.2927706","18.9","2025-06-06",,,,,,,,,"0.0",",,N","0.0",",,N",,,,,,,,,,,,,,,,,,,,,,,,,,,,,,
"US1FLSM0052","CASSELBERRY 1.9 E, FL US","28.6663852","-81.2927706","18.9","2025-06-07",,,,,,,,,"0.0",",,N","0.0",",,N",,,,,,,,,,,,,,,,,,,,,,,,,,,,,,
"US1FLSM0052","CASSELBERRY 1.9 E, FL US","28.6663852","-81.2927706","18.9","2025-06-08",,,,,,,,,"0.0",",,N","0.0",",,N",,,,,,,,,,,,,,,,,,,,,,,,,,,,,,
"US1FLSM0052","CASSELBERRY 1.9 E, FL US","28.6663852","-81.2927706","18.9","2025-06-09",,,,,,,,,"2.0",",,N",,,,,,,,,,,,,,,,,,,,,,,,,,,,,,,,
"US1FLSM0052","CASSELBERRY 1.9 E, FL US","28.6663852","-81.2927706","18.9","2025-06-10",,,,,,,,,"32.3",",,N",,,,,,,,,,,,,,,,,,,,,,,,,,,,,,,,
"US1FLSM0052","CASSELBERRY 1.9 E, FL US","28.6663852","-81.2927706","18.9","2025-06-11",,,,,,,,,"3.3",",,N",,,,,,,,,,,,,,,,,,,,,,,,,,,,,,,,
"US1FLSM0052","CASSELBERRY 1.9 E, FL US","28.6663852","-81.2927706","18.9","2025-06-12",,,,,,,,,"2.8",",,N",,,,,,,,,,,,,,,,,,,,,,,,,,,,,,,,
"US1FLSM0052","CASSELBERRY 1.9 E, FL US","28.6663852","-81.2927706","18.9","2025-06-13",,,,,,,,,"0.0",",,N","0.0",",,N",,,,,,,,,,,,,,,,,,,,,,,,,,,,,,
"US1FLSM0052","CASSELBERRY 1.9 E, FL US","28.6663852","-81.2927706","18.9","2025-06-14",,,,,,,,,"0.0",",,N","0.0",",,N",,,,,,,,,,,,,,,,,,,,,,,,,,,,,,
"US1FLSM0052","CASSELBERRY 1.9 E, FL US","28.6663852","-81.2927706","18.9","2025-06-15",,,,,,,,,"0.0",",,N","0.0",",,N",,,,,,,,,,,,,,,,,,,,,,,,,,,,,,
"US1FLSM0052","CASSELBERRY 1.9 E, FL US","28.6663852","-81.2927706","18.9","2025-06-16",,,,,,,,,"0.0",",,N","0.0",",,N",,,,,,,,,,,,,,,,,,,,,,,,,,,,,,
"US1FLSM0052","CASSELBERRY 1.9 E, FL US","28.6663852","-81.2927706","18.9","2025-06-17",,,,,,,,,"0.0",",,N","0.0",",,N",,,,,,,,,,,,,,,,,,,,,,,,,,,,,,
"USW00012841","ORLANDO EXECUTIVE AIRPORT, FL US","28.54653","-81.33544","31.7","2025-06-01","3.0",",,W",,,,,,,"0.0",",,W,","0.0",",,W","0.0",",,W",,,"31.7",",,W","22.2",",,W",,,"  300",",,W","  300",",,W",,,,,"7.2",",,W","9.8",",,W",,,,,,,,
"USW00012841","ORLANDO EXECUTIVE AIRPORT, FL US","28.54653","-81.33544","31.7","2025-06-02","2.2",",,W",,,,,,,"0.0","T,,W,","0.0",",,W","0.0",",,W",,,"29.4",",,W","23.3",",,W",,,"  160",",,W","  160",",,W",,,,,"6.3",",,W","8.1",",,W",,,,,"    1",",,W",,
"USW00012841","ORLANDO EXECUTIVE AIRPORT, FL US","28.54653","-81.33544","31.7","2025-06-03","3.5",",,W",,,,,,,"7.1",",,W,","0.0",",,W","0.0",",,W",,,"28.9",",,W","22.2",",,W",,,"   80",",,W","   80",",,W",,,,,"13.4",",,W","17.9",",,W","    1",",,W",,,"    1",",,W",,
"USW00012841","ORLANDO EXECUTIVE AIRPORT, FL US","28.54653","-81.33544","31.7","2025-06-04","3.6",",,W",,,,,,,"5.1",",,W,","0.0",",,W","0.0",",,W",,,"30.0",",,W","22.8",",,W",,,"  200",",,W","  200",",,W",,,,,"10.7",",,W","13.9",",,W","    1",",,W",,,"    1",",,W",,
"USW00012841","ORLANDO EXECUTIVE AIRPORT, FL US","28.54653","-81.33544","31.7","2025-06-05","3.1",",,W",,,,,,,"0.8",",,W,","0.0",",,W","0.0",",,W",,,"32.2",",,W","22.8",",,W",,,"  180",",,W","  210",",,W",,,,,"7.2",",,W","9.4",",,W",,,,,"    1",",,W",,
"USW00012841","ORLANDO EXECUTIVE AIRPORT, FL US","28.54653","-81.33544","31.7","2025-06-06","2.3",",,W",,,,,,,"0.0",",,W,","0.0",",,W","0.0",",,W",,,"33.9",",,W","25.0",",,W",,,"  140",",,W","  210",",,W",,,,,"8.1",",,W","11.6",",,W",,,,,"    1",",,W",,
"USW00012841","ORLANDO EXECUTIVE AIRPORT, FL US","28.54653","-81.33544","31.7","2025-06-07","3.8",",,W",,,,,,,"0.0",",,W,","0.0",",,W","0.0",",,W",,,"33.9",",,W","25.0",",,W",,,"  280",",,W","  250",",,W",,,,,"6.7",",,W","9.8",",,W",,,,,,,,
"USW00012841","ORLANDO EXECUTIVE AIRPORT, FL US","28.54653","-81.33544","31.7","2025-06-08","3.3",",,W",,,,,,,"10.9",",,W,","0.0",",,W","0.0",",,W",,,"33.9",",,W","25.0",",,W",,,"   50",",,W","   60",",,W",,,,,"8.9",",,W","12.5",",,W","    1",",,W",,,"    1",",,W",,
"USW00012841","ORLANDO EXECUTIVE AIRPORT, FL US","28.54653","-81.33544","31.7","2025-06-09","3.0",",,W",,,,,,,"15.0",",,W,","0.0",",,W","0.0",",,W",,,"33.9",",,W","23.9",",,W",,,"  210",",,W","  210",",,W",,,,,"13.9",",,W","17.0",",,W","    1",",,W",,,"    1",",,W",,
"USW00012841","ORLANDO EXECUTIVE AIRPORT, FL US","28.54653","-81.33544","31.7","2025-06-10","2.8",",,W",,,,,,,"3.0",",,W,","0.0",",,W","0.0",",,W",,,"35.0",",,W","23.3",",,W",,,"  230",",,W","  250",",,W",,,,,"13.9",",,W","23.3",",,W",,,,,"    1",",,W",,
"USW00012841","ORLANDO EXECUTIVE AIRPORT, FL US","28.54653","-81.33544","31.7","2025-06-11","3.3",",,W",,,,,,,"0.0","T,,W,","0.0",",,W","0.0",",,W",,,"32.8",",,W","23.3",",,W",,,"   70",",,W","   60",",,W",,,,,"9.8",",,W","11.6",",,W",,,,,,,,
"USW00012841","ORLANDO EXECUTIVE AIRPORT, FL US","28.54653","-81.33544","31.7","2025-06-12","3.5",",,W",,,,,,,"1.0",",,W,","0.0",",,W","0.0",",,W",,,"33.3",",,W","24.4",",,W",,,"  140",",,W","  130",",,W",,,,,"12.5",",,W","16.5",",,W",,,,,"    1",",,W",,
"USW00012841","ORLANDO EXECUTIVE AIRPORT, FL US","28.54653","-81.33544","31.7","2025-06-13","4.0",",,W",,,,,,,"0.0",",,W,","0.0",",,W","0.0",",,W",,,"34.4",",,W","24.4",",,W",,,"  120",",,W","  120",",,W",,,,,"8.9",",,W","11.6",",,W",,,,,,,,
"USW00012841","ORLANDO EXECUTIVE AIRPORT, FL US","28.54653","-81.33544","31.7","2025-06-14","3.8",",,W",,,,,,,"0.0",",,W,","0.0",",,W","0.0",",,W",,,"34.4",",,W","25.6",",,W",,,"  150",",,W","  160",",,W",,,,,"8.9",",,W","11.6",",,W",,,,,,,,
"USW00012841","ORLANDO EXECUTIVE AIRPORT, FL US","28.54653","-81.33544","31.7","2025-06-15","3.4",",,W",,,,,,,"0.0","T,,W,","0.0",",,W","0.0",",,W",,,"35.0",",,W","25.6",",,W",,,"  170",",,W","  160",",,W",,,,,"8.1",",,W","11.2",",,W",,,,,"    1",",,W",,
"USW00012841","ORLANDO EXECUTIVE AIRPORT, FL US","28.54653","-81.33544","31.7","2025-06-16","3.0",",,W",,,,,,,"0.0","T,,W,","0.0",",,W","0.0",",,W",,,"34.4",",,W","24.4",",,W",,,"  210",",,W","  200",",,W",,,,,"6.3",",,W","9.8",",,W",,,,,"    1",",,W",,
"USW00012841","ORLANDO EXECUTIVE AIRPORT, FL US","28.54653","-81.33544","31.7","2025-06-17","3.2",",,W",,,,,,,"0.5",",,W,","0.0",",,W","0.0",",,W",,,"34.4",",,W","25.0",",,W",,,"  160",",,W","  180",",,W",,,,,"12.5",",,W","16.1",",,W",,,,,"    1",",,W",,
"USC00086634","ORLANDO WEST, FL US","28.5082","-81.5467","45.7","2025-06-01","1.3",",,7",,,,,,,"14.7",",,7,0700",,,,,,,"29.4",",,7","20.0",",,7","20.0",",,7,",,,,,,,,,,,,,,,,,,,,
"USC00086634","ORLANDO WEST, FL US","28.5082","-81.5467","45.7","2025-06-02","0.0",",,7",,,,,,,"0.0",",,7,0700",,,,,,,"31.7",",,7","19.4",",,7","20.0",",,7,",,,,,,,,,,,,,,,,,,,,
"USC00086634","ORLANDO WEST, FL US","28.5082","-81.5467","45.7","2025-06-03","0.0",",,7",,,,,,,"0.0",",,7,0700",,,,,,,"29.4",",,7","20.0",",,7","22.8",",,7,",,,,,,,,,,,,,,,,,,,,
"USC00086634","ORLANDO WEST, FL US","28.5082","-81.5467","45.7","2025-06-04","0.0",",,7",,,,,,,"9.1",",,7,0700",,,,,,,"29.4",",,7","22.8",",,7","23.9",",,7,",,,,,,,,,,,,,,,,,,,,
"USC00086634","ORLANDO WEST, FL US","28.5082","-81.5467","45.7","2025-06-05","1.3",",,7",,,,,,,"12.4",",,7,0700",,,,,,,"28.9",",,7","22.8",",,7","23.9",",,7,",,,,,,,,,,,,,,,,,,,,
"USC00086634","ORLANDO WEST, FL US","28.5082","-81.5467","45.7","2025-06-06","0.0",",,7",,,,,,,"0.0",",,7,0700",,,,,,,"33.3",",,7","23.3",",,7","23.3",",,7,",,,,,,,,,,,,,,,,,,,,
"USC00086634","ORLANDO WEST, FL US","28.5082","-81.5467","45.7","2025-06-07","1.8",",,7",,,,,,,"0.0",",,7,0700",,,,,,,"33.9",",,7","23.3",",,7","23.9",",,7,",,,,,,,,,,,,,,,,,,,,
"USC00086634","ORLANDO WEST, FL US","28.5082","-81.5467","45.7","2025-06-08","0.9",",,7",,,,,,,"0.0",",,7,0700",,,,,,,"34.4",",,7","23.9",",,7","23.9",",,7,",,,,,,,,,,,,,,,,,,,,
"USC00086634","ORLANDO WEST, FL US","28.5082","-81.5467","45.7","2025-06-09","2.2",",,7",,,,,,,"1.0",",,7,0700",,,,,,,"33.3",",,7","23.3",",,7","24.4",",,7,",,,,,,,,,,,,,,,,,,,,
"USC00086634","ORLANDO WEST, FL US","28.5082","-81.5467","45.7","2025-06-10","1.3",",,7",,,,,,,"0.0",",,7,0700",,,,,,,"34.4",",,7","23.3",",,7","25.0",",,7,",,,,,,,,,,,,,,,,,,,,
"USC00086634","ORLANDO WEST, FL US","28.5082","-81.5467","45.7","2025-06-11","2.7",",,7",,,,,,,"39.1",",,7,0700",,,,,,,"35.6",",,7","21.1",",,7","23.9",",,7,",,,,,,,,,,,,,,,,,,,,
"USC00086634","ORLANDO WEST, FL US","28.5082","-81.5467","45.7","2025-06-12","1.8",",,7",,,,,,,"74.2",",,7,0700",,,,,,,"32.8",",,7","22.2",",,7","23.9",",,7,",,,,,,,,,,,,,,,,,,,,
"USC00086634","ORLANDO WEST, FL US","28.5082","-81.5467","45.7","2025-06-13","1.8",",,7",,,,,,,"12.4",",,7,0700",,,,,,,"33.3",",,7","22.8",",,7","25.0",",,7,",,,,,,,,,,,,,,,,,,,,
"USC00086634","ORLANDO WEST, FL US","28.5082","-81.5467","45.7","2025-06-14","1.8",",,7",,,,,,,"0.0",",,7,0700",,,,,,,"34.4",",,7","24.4",",,7","24.4",",,7,",,,,,,,,,,,,,,,,,,,,
"USC00086634","ORLANDO WEST, FL US","28.5082","-81.5467","45.7","2025-06-15","1.3",",,7",,,,,,,"0.0","T,,7,0700",,,,,,,"35.0",",,7","24.4",",,7","25.6",",,7,",,,,,,,,,,,,,,,,,,,,
"USC00086634","ORLANDO WEST, FL US","28.5082","-81.5467","45.7","2025-06-16","1.3",",,7",,,,,,,"1.8",",,7,0700",,,,,,,"35.0",",,7","23.9",",,7","23.9",",,7,",,,,,,,,,,,,,,,,,,,,
"USC00086634","ORLANDO WEST, FL US","28.5082","-81.5467","45.7","2025-06-17","1.3",",,7",,,,,,,"1.5",",,7,0700",,,,,,,"34.4",",,7","23.9",",,7","24.4",",,7,",,,,,,,,,,,,,,,,,,,,
"US1FLSM0035","CASSELBERRY 2.3 ESE, FL US","28.654789","-81.286486","26.2","2025-06-01",,,,,,,,,"0.0",",,N","0.0",",,N",,,,,,,,,,,,,,,,,,,,,,,,,,,,,,
"US1FLSM0035","CASSELBERRY 2.3 ESE, FL US","28.654789","-81.286486","26.2","2025-06-02",,,,,,,,,"0.0",",,N","0.0",",,N",,,,,,,,,,,,,,,,,,,,,,,,,,,,,,
"US1FLSM0035","CASSELBERRY 2.3 ESE, FL US","28.654789","-81.286486","26.2","2025-06-03",,,,,,,,,"0.8",",,N",,,,,,,,,,,,,,,,,,,,,,,,,,,,,,,,
"US1FLSM0035","CASSELBERRY 2.3 ESE, FL US","28.654789","-81.286486","26.2","2025-06-04",,,,,,,,,"0.0",",,N","0.0",",,N",,,,,,,,,,,,,,,,,,,,,,,,,,,,,,
"US1FLSM0035","CASSELBERRY 2.3 ESE, FL US","28.654789","-81.286486","26.2","2025-06-05",,,,,,,,,"7.1",",,N",,,,,,,,,,,,,,,,,,,,,,,,,,,,,,,,
"US1FLSM0035","CASSELBERRY 2.3 ESE, FL US","28.654789","-81.286486","26.2","2025-06-06",,,,,,,,,"0.0",",,N","0.0",",,N",,,,,,,,,,,,,,,,,,,,,,,,,,,,,,
"US1FLSM0035","CASSELBERRY 2.3 ESE, FL US","28.654789","-81.286486","26.2","2025-06-07",,,,,,,,,"0.0",",,N","0.0",",,N",,,,,,,,,,,,,,,,,,,,,,,,,,,,,,
"US1FLSM0035","CASSELBERRY 2.3 ESE, FL US","28.654789","-81.286486","26.2","2025-06-08",,,,,,,,,"0.0",",,N","0.0",",,N",,,,,,,,,,,,,,,,,,,,,,,,,,,,,,
"US1FLSM0035","CASSELBERRY 2.3 ESE, FL US","28.654789","-81.286486","26.2","2025-06-09",,,,,,,,,"0.0",",,N","0.0",",,N",,,,,,,,,,,,,,,,,,,,,,,,,,,,,,
"US1FLSM0035","CASSELBERRY 2.3 ESE, FL US","28.654789","-81.286486","26.2","2025-06-10",,,,,,,,,"43.2",",,N",,,,,,,,,,,,,,,,,,,,,,,,,,,,,,,,
"US1FLSM0035","CASSELBERRY 2.3 ESE, FL US","28.654789","-81.286486","26.2","2025-06-11",,,,,,,,,"3.0",",,N",,,,,,,,,,,,,,,,,,,,,,,,,,,,,,,,
"US1FLSM0035","CASSELBERRY 2.3 ESE, FL US","28.654789","-81.286486","26.2","2025-06-12",,,,,,,,,"0.0",",,N","0.0",",,N",,,,,,,,,,,,,,,,,,,,,,,,,,,,,,
"US1FLSM0035","CASSELBERRY 2.3 ESE, FL US","28.654789","-81.286486","26.2","2025-06-13",,,,,,,,,"0.0",",,N","0.0",",,N",,,,,,,,,,,,,,,,,,,,,,,,,,,,,,
"US1FLSM0035","CASSELBERRY 2.3 ESE, FL US","28.654789","-81.286486","26.2","2025-06-14",,,,,,,,,"0.0",",,N","0.0",",,N",,,,,,,,,,,,,,,,,,,,,,,,,,,,,,
"US1FLSM0035","CASSELBERRY 2.3 ESE, FL US","28.654789","-81.286486","26.2","2025-06-15",,,,,,,,,"0.0",",,N","0.0",",,N",,,,,,,,,,,,,,,,,,,,,,,,,,,,,,
"US1FLSM0035","CASSELBERRY 2.3 ESE, FL US","28.654789","-81.286486","26.2","2025-06-16",,,,,,,,,"0.0",",,N","0.0",",,N",,,,,,,,,,,,,,,,,,,,,,,,,,,,,,
"US1FLSM0035","CASSELBERRY 2.3 ESE, FL US","28.654789","-81.286486","26.2","2025-06-17",,,,,,,,,"0.0",",,N","0.0",",,N",,,,,,,,,,,,,,,,,,,,,,,,,,,,,,
"US1FLOR0026","ORLANDO 4.8 NNW, FL US","28.5722484588623","-81.3958358764648","30.2","2025-06-01",,,,,,,,,"0.0",",,N","0.0",",,N",,,,,,,,,,,,,,,,,,,,,,,,,,,,,,
"US1FLOR0026","ORLANDO 4.8 NNW, FL US","28.5722484588623","-81.3958358764648","30.2","2025-06-02",,,,,,,,,"0.0",",,N","0.0",",,N",,,,,,,,,,,,,,,,,,,,,,,,,,,,,,
"US1FLOR0026","ORLANDO 4.8 NNW, FL US","28.5722484588623","-81.3958358764648","30.2","2025-06-03",,,,,,,,,"0.5",",,N","0.0",",,N",,,,,,,,,,,,,,,,,,,,,,,,,,,,,,
"US1FLOR0026","ORLANDO 4.8 NNW, FL US","28.5722484588623","-81.3958358764648","30.2","2025-06-04",,,,,,,,,"6.4",",,N",,,,,,,,,,,,,,,,,,,,,,,,,,,,,,,,
"US1FLOR0026","ORLANDO 4.8 NNW, FL US","28.5722484588623","-81.3958358764648","30.2","2025-06-05",,,,,,,,,"7.9",",,N",,,,,,,,,,,,,,,,,,,,,,,,,,,,,,,,
"US1FLOR0026","ORLANDO 4.8 NNW, FL US","28.5722484588623","-81.3958358764648","30.2","2025-06-06",,,,,,,,,"0.5",",,N",,,,,,,,,,,,,,,,,,,,,,,,,,,,,,,,
"US1FLOR0026","ORLANDO 4.8 NNW, FL US","28.5722484588623","-81.3958358764648","30.2","2025-06-07",,,,,,,,,"0.0",",,N","0.0",",,N",,,,,,,,,,,,,,,,,,,,,,,,,,,,,,
"US1FLOR0026","ORLANDO 4.8 NNW, FL US","28.5722484588623","-81.3958358764648","30.2","2025-06-08",,,,,,,,,"0.8",",,N","0.0",",,N",,,,,,,,,,,,,,,,,,,,,,,,,,,,,,
"US1FLOR0026","ORLANDO 4.8 NNW, FL US","28.5722484588623","-81.3958358764648","30.2","2025-06-09",,,,,,,,,"0.5",",,N",,,,,,,,,,,,,,,,,,,,,,,,,,,,,,,,
"US1FLOR0026","ORLANDO 4.8 NNW, FL US","28.5722484588623","-81.3958358764648","30.2","2025-06-10",,,,,,,,,"38.1",",,N",,,,,,,,,,,,,,,,,,,,,,,,,,,,,,,,
"US1FLOR0026","ORLANDO 4.8 NNW, FL US","28.5722484588623","-81.3958358764648","30.2","2025-06-11",,,,,,,,,"30.0",",,N",,,,,,,,,,,,,,,,,,,,,,,,,,,,,,,,
"US1FLOR0026","ORLANDO 4.8 NNW, FL US","28.5722484588623","-81.3958358764648","30.2","2025-06-12",,,,,,,,,"1.5",",,N",,,,,,,,,,,,,,,,,,,,,,,,,,,,,,,,
"US1FLOR0026","ORLANDO 4.8 NNW, FL US","28.5722484588623","-81.3958358764648","30.2","2025-06-13",,,,,,,,,"0.0",",,N","0.0",",,N",,,,,,,,,,,,,,,,,,,,,,,,,,,,,,
"US1FLOR0026","ORLANDO 4.8 NNW, FL US","28.5722484588623","-81.3958358764648","30.2","2025-06-14",,,,,,,,,"0.0",",,N","0.0",",,N",,,,,,,,,,,,,,,,,,,,,,,,,,,,,,
"US1FLOR0026","ORLANDO 4.8 NNW, FL US","28.5722484588623","-81.3958358764648","30.2","2025-06-15",,,,,,,,,"0.0",",,N","0.0",",,N",,,,,,,,,,,,,,,,,,,,,,,,,,,,,,
"US1FLOR0026","ORLANDO 4.8 NNW, FL US","28.5722484588623","-81.3958358764648","30.2","2025-06-16",,,,,,,,,"0.0",",,N","0.0",",,N",,,,,,,,,,,,,,,,,,,,,,,,,,,,,,
"US1FLOR0026","ORLANDO 4.8 NNW, FL US","28.5722484588623","-81.3958358764648","30.2","2025-06-17",,,,,,,,,"7.6",",,N",,,,,,,,,,,,,,,,,,,,,,,,,,,,,,,,
"US1FLOR0048","UNION PARK 3.5 SE, FL US","28.529918","-81.19339","27.1","2025-06-09",,,,,,,,,"37.8",",,N",,,,,,,,,,,,,,,,,,,,,,,,,,,,,,,,
"US1FLOR0034","OCOEE 1.4 N, FL US","28.592667","-81.5285","51.2","2025-06-01",,,,,,,,,"4.1",",,N","0.0",",,N",,,,,,,,,,,,,,,,,,,,,,,,,,,,,,
"US1FLOR0034","OCOEE 1.4 N, FL US","28.592667","-81.5285","51.2","2025-06-02",,,,,,,,,"0.0",",,N","0.0",",,N",,,,,,,,,,,,,,,,,,,,,,,,,,,,,,
"US1FLOR0034","OCOEE 1.4 N, FL US","28.592667","-81.5285","51.2","2025-06-03",,,,,,,,,"0.0",",,N","0.0",",,N",,,,,,,,,,,,,,,,,,,,,,,,,,,,,,
"US1FLOR0034","OCOEE 1.4 N, FL US","28.592667","-81.5285","51.2","2025-06-04",,,,,,,,,"2.8",",,N",,,,,,,,,,,,,,,,,,,,,,,,,,,,,,,,
"US1FLOR0034","OCOEE 1.4 N, FL US","28.592667","-81.5285","51.2","2025-06-05",,,,,,,,,"5.1",",,N",,,,,,,,,,,,,,,,,,,,,,,,,,,,,,,,
"US1FLOR0034","OCOEE 1.4 N, FL US","28.592667","-81.5285","51.2","2025-06-06",,,,,,,,,"0.8",",,N",,,,,,,,,,,,,,,,,,,,,,,,,,,,,,,,
"US1FLOR0034","OCOEE 1.4 N, FL US","28.592667","-81.5285","51.2","2025-06-07",,,,,,,,,"0.0",",,N","0.0",",,N",,,,,,,,,,,,,,,,,,,,,,,,,,,,,,
"US1FLOR0034","OCOEE 1.4 N, FL US","28.592667","-81.5285","51.2","2025-06-08",,,,,,,,,"0.0",",,N","0.0",",,N",,,,,,,,,,,,,,,,,,,,,,,,,,,,,,
"US1FLOR0034","OCOEE 1.4 N, FL US","28.592667","-81.5285","51.2","2025-06-09",,,,,,,,,"1.5",",,N",,,,,,,,,,,,,,,,,,,,,,,,,,,,,,,,
"US1FLOR0034","OCOEE 1.4 N, FL US","28.592667","-81.5285","51.2","2025-06-10",,,,,,,,,"0.0",",,N","0.0",",,N",,,,,,,,,,,,,,,,,,,,,,,,,,,,,,
"US1FLOR0034","OCOEE 1.4 N, FL US","28.592667","-81.5285","51.2","2025-06-11",,,,,,,,,"33.3",",,N",,,,,,,,,,,,,,,,,,,,,,,,,,,,,,,,
"US1FLOR0034","OCOEE 1.4 N, FL US","28.592667","-81.5285","51.2","2025-06-12",,,,,,,,,"41.7",",,N",,,,,,,,,,,,,,,,,,,,,,,,,,,,,,,,
"US1FLOR0034","OCOEE 1.4 N, FL US","28.592667","-81.5285","51.2","2025-06-13",,,,,,,,,"0.0",",,N","0.0",",,N",,,,,,,,,,,,,,,,,,,,,,,,,,,,,,
"US1FLOR0034","OCOEE 1.4 N, FL US","28.592667","-81.5285","51.2","2025-06-14",,,,,,,,,"0.0",",,N","0.0",",,N",,,,,,,,,,,,,,,,,,,,,,,,,,,,,,
"US1FLOR0034","OCOEE 1.4 N, FL US","28.592667","-81.5285","51.2","2025-06-15",,,,,,,,,"1.5",",,N",,,,,,,,,,,,,,,,,,,,,,,,,,,,,,,,
"US1FLOR0034","OCOEE 1.4 N, FL US","28.592667","-81.5285","51.2","2025-06-16",,,,,,,,,"0.0",",,N","0.0",",,N",,,,,,,,,,,,,,,,,,,,,,,,,,,,,,
"US1FLOR0034","OCOEE 1.4 N, FL US","28.592667","-81.5285","51.2","2025-06-17",,,,,,,,,"4.8",",,N",,,,,,,,,,,,,,,,,,,,,,,,,,,,,,,,
"US1FLOR0055","ORLANDO 6.8 W, FL US","28.529951","-81.487441","38.4","2025-06-01",,,,,,,,,"2.8",",,N","0.0",",,N",,,,,,,,,,,,,,,,,,,,,,,,,,,,,,
"US1FLOR0055","ORLANDO 6.8 W, FL US","28.529951","-81.487441","38.4","2025-06-02",,,,,,,,,"0.0",",,N","0.0",",,N",,,,,,,,,,,,,,,,,,,,,,,,,,,,,,
"US1FLOR0055","ORLANDO 6.8 W, FL US","28.529951","-81.487441","38.4","2025-06-03",,,,,,,,,"0.0",",,N","0.0",",,N",,,,,,,,,,,,,,,,,,,,,,,,,,,,,,
"US1FLOR0055","ORLANDO 6.8 W, FL US","28.529951","-81.487441","38.4","2025-06-04",,,,,,,,,"13.5",",,N",,,,,,,,,,,,,,,,,,,,,,,,,,,,,,,,
"US1FLOR0055","ORLANDO 6.8 W, FL US","28.529951","-81.487441","38.4","2025-06-05",,,,,,,,,"7.4",",,N",,,,,,,,,,,,,,,,,,,,,,,,,,,,,,,,
"US1FLOR0055","ORLANDO 6.8 W, FL US","28.529951","-81.487441","38.4","2025-06-06",,,,,,,,,"0.0",",,N","0.0",",,N",,,,,,,,,,,,,,,,,,,,,,,,,,,,,,
"US1FLOR0055","ORLANDO 6.8 W, FL US","28.529951","-81.487441","38.4","2025-06-07",,,,,,,,,"0.0",",,N","0.0",",,N",,,,,,,,,,,,,,,,,,,,,,,,,,,,,,
"US1FLOR0055","ORLANDO 6.8 W, FL US","28.529951","-81.487441","38.4","2025-06-08",,,,,,,,,"0.0",",,N","0.0",",,N",,,,,,,,,,,,,,,,,,,,,,,,,,,,,,
"US1FLOR0055","ORLANDO 6.8 W, FL US","28.529951","-81.487441","38.4","2025-06-09",,,,,,,,,"2.8",",,N",,,,,,,,,,,,,,,,,,,,,,,,,,,,,,,,
"US1FLOR0055","ORLANDO 6.8 W, FL US","28.529951","-81.487441","38.4","2025-06-10",,,,,,,,,"1.5",",,N",,,,,,,,,,,,,,,,,,,,,,,,,,,,,,,,
"US1FLOR0055","ORLANDO 6.8 W, FL US","28.529951","-81.487441","38.4","2025-06-11",,,,,,,,,"64.3",",,N",,,,,,,,,,,,,,,,,,,,,,,,,,,,,,,,
"US1FLOR0055","ORLANDO 6.8 W, FL US","28.529951","-81.487441","38.4","2025-06-12",,,,,,,,,"64.8",",,N",,,,,,,,,,,,,,,,,,,,,,,,,,,,,,,,
"US1FLOR0055","ORLANDO 6.8 W, FL US","28.529951","-81.487441","38.4","2025-06-13",,,,,,,,,"0.3",",,N",,,,,,,,,,,,,,,,,,,,,,,,,,,,,,,,
"US1FLOR0055","ORLANDO 6.8 W, FL US","28.529951","-81.487441","38.4","2025-06-14",,,,,,,,,"0.0",",,N","0.0",",,N",,,,,,,,,,,,,,,,,,,,,,,,,,,,,,
"US1FLOR0055","ORLANDO 6.8 W, FL US","28.529951","-81.487441","38.4","2025-06-15",,,,,,,,,"0.0",",,N","0.0",",,N",,,,,,,,,,,,,,,,,,,,,,,,,,,,,,
"US1FLOR0055","ORLANDO 6.8 W, FL US","28.529951","-81.487441","38.4","2025-06-16",,,,,,,,,"9.4",",,N",,,,,,,,,,,,,,,,,,,,,,,,,,,,,,,,
"US1FLOR0055","ORLANDO 6.8 W, FL US","28.529951","-81.487441","38.4","2025-06-17",,,,,,,,,"0.0",",,N","0.0",",,N",,,,,,,,,,,,,,,,,,,,,,,,,,,,,,
"USW00012815","ORLANDO INTERNATIONAL AIRPORT, FL US","28.41822","-81.32413","27.1","2025-06-01",,,,,,,,,"0.0",",,W,2400","0.0",",,W","0.0",",,W",,,"31.7",",,W","21.7",",,W",,,,,,,,,,,,,,,,,,,,,,
"USW00012815","ORLANDO INTERNATIONAL AIRPORT, FL US","28.41822","-81.32413","27.1","2025-06-02","2.6",",,W",,,,,,,"0.0",",,W,2400","0.0",",,W","0.0",",,W",,,"31.7",",,W","21.7",",,W",,,"  160",",,W","  160",",,W",,,,,"7.2",",,W","9.4",",,W",,,,,,,,
"USW00012815","ORLANDO INTERNATIONAL AIRPORT, FL US","28.41822","-81.32413","27.1","2025-06-03","3.7",",,W",,,,,,,"0.8",",,W,2400","0.0",",,W","0.0",",,W",,,"29.4",",,W","22.2",",,W",,,"   70",",,W","   80",",,W",,,,,"9.8",",,W","15.2",",,W","    1",",,W",,,"    1",",,W",,
"USW00012815","ORLANDO INTERNATIONAL AIRPORT, FL US","28.41822","-81.32413","27.1","2025-06-04","3.4",",,W",,,,,,,"15.7",",,W,2400","0.0",",,W","0.0",",,W",,,"30.6",",,W","21.7",",,W",,,"  210",",,W","  200",",,W",,,,,"13.9",",,W","17.9",",,W","    1",",,W",,,"    1",",,W",,
"USW00012815","ORLANDO INTERNATIONAL AIRPORT, FL US","28.41822","-81.32413","27.1","2025-06-05","3.0",",,W",,,,,,,"0.0","T,,W,2400","0.0",",,W","0.0",",,W",,,"32.2",",,W","22.8",",,W",,,"  180",",,W","  170",",,W",,,,,"6.7",",,W","9.4",",,W",,,,,"    1",",,W",,
"USW00012815","ORLANDO INTERNATIONAL AIRPORT, FL US","28.41822","-81.32413","27.1","2025-06-06","1.8",",,W",,,,,,,"0.8",",,W,2400","0.0",",,W","0.0",",,W",,,"33.9",",,W","23.9",",,W",,,"  230",",,W","  230",",,W",,,,,"9.4",",,W","14.8",",,W",,,,,"    1",",,W",,
"USW00012815","ORLANDO INTERNATIONAL AIRPORT, FL US","28.41822","-81.32413","27.1","2025-06-07","3.4",",,W",,,,,,,"0.0","T,,W,2400","0.0",",,W","0.0",",,W",,,"33.3",",,W","23.9",",,W",,,"  280",",,W","  270",",,W",,,,,"6.7",",,W","9.4",",,W",,,,,,,,
"USW00012815","ORLANDO INTERNATIONAL AIRPORT, FL US","28.41822","-81.32413","27.1","2025-06-08","3.0",",,W",,,,,,,"0.5",",,W,2400","0.0",",,W","0.0",",,W",,,"34.4",",,W","23.3",",,W",,,"  290",",,W","  280",",,W",,,,,"9.8",",,W","13.0",",,W",,,,,"    1",",,W",,
"USW00012815","ORLANDO INTERNATIONAL AIRPORT, FL US","28.41822","-81.32413","27.1","2025-06-09","3.1",",,W",,,,,,,"0.0",",,W,2400","0.0",",,W","0.0",",,W",,,"34.4",",,W","22.8",",,W",,,"  360",",,W","  360",",,W",,,,,"7.2",",,W","9.8",",,W",,,,,"    1",",,W",,
"USW00012815","ORLANDO INTERNATIONAL AIRPORT, FL US","28.41822","-81.32413","27.1","2025-06-10","3.1",",,W",,,,,,,"3.3",",,W,2400","0.0",",,W","0.0",",,W",,,"35.0",",,W","23.9",",,W",,,"  250",",,W","  210",",,W",,,,,"9.8",",,W","13.9",",,W","    1",",,W",,,"    1",",,W",,
"USW00012815","ORLANDO INTERNATIONAL AIRPORT, FL US","28.41822","-81.32413","27.1","2025-06-11","3.5",",,W",,,,,,,"0.0","T,,W,2400","0.0",",,W","0.0",",,W",,,"32.8",",,W","23.3",",,W",,,"  110",",,W","  100",",,W",,,,,"10.3",",,W","14.3",",,W",,,,,"    1",",,W",,
"USW00012815","ORLANDO INTERNATIONAL AIRPORT, FL US","28.41822","-81.32413","27.1","2025-06-12","3.5",",,W",,,,,,,"0.0","T,,W,2400","0.0",",,W","0.0",",,W",,,"33.3",",,W","23.9",",,W",,,"  170",",,W","  140",",,W",,,,,"9.4",",,W","11.6",",,W",,,,,"    1",",,W",,
"USW00012815","ORLANDO INTERNATIONAL AIRPORT, FL US","28.41822","-81.32413","27.1","2025-06-13","4.1",",,W",,,,,,,"0.0",",,W,2400","0.0",",,W","0.0",",,W",,,"35.0",",,W","23.3",",,W",,,"  120",",,W","  130",",,W",,,,,"9.4",",,W","11.6",",,W",,,,,,,,
"USW00012815","ORLANDO INTERNATIONAL AIRPORT, FL US","28.41822","-81.32413","27.1","2025-06-14","3.8",",,W",,,,,,,"0.0",",,W,2400","0.0",",,W","0.0",",,W",,,"34.4",",,W","24.4",",,W",,,"  130",",,W","  130",",,W",,,,,"10.3",",,W","13.4",",,W",,,,,,,,
"USW00012815","ORLANDO INTERNATIONAL AIRPORT, FL US","28.41822","-81.32413","27.1","2025-06-15","2.8",",,W",,,,,,,"0.0",",,W,2400","0.0",",,W","0.0",",,W",,,"34.4",",,W","24.4",",,W",,,"  130",",,W","  120",",,W",,,,,"7.6",",,W","10.3",",,W",,,,,,,,
"USW00012815","ORLANDO INTERNATIONAL AIRPORT, FL US","28.41822","-81.32413","27.1","2025-06-16","3.7",",,W",,,,,,,"0.0",",,W,2400","0.0",",,W","0.0",",,W",,,"34.4",",,W","23.9",",,W",,,"  130",",,W","  160",",,W",,,,,"6.7",",,W","8.5",",,W",,,,,"    1",",,W",,
"USW00012815","ORLANDO INTERNATIONAL AIRPORT, FL US","28.41822","-81.32413","27.1","2025-06-17","3.8",",,W",,,,,,,"27.7",",,W,2400","0.0",",,W","0.0",",,W",,,"35.0",",,W","23.9",",,W",,,"  130",",,W","  110",",,W",,,,,"15.7",",,W","20.6",",,W","    1",",,W",,,"    1",",,W","    1",",,W"
"US1FLOR0030","ORLANDO 12.0 S, FL US","28.3645","-81.4146","26.8","2025-06-01",,,"    2",",,N","27.4",",,N",,,,,,,,,,,,,,,,,,,,,,,,,,,,,,,,,,,,
"US1FLOR0030","ORLANDO 12.0 S, FL US","28.3645","-81.4146","26.8","2025-06-02",,,,,,,,,"0.0",",,N","0.0",",,N",,,,,,,,,,,,,,,,,,,,,,,,,,,,,,
"US1FLOR0030","ORLANDO 12.0 S, FL US","28.3645","-81.4146","26.8","2025-06-03",,,,,,,,,"0.0","T,,N",,,,,,,,,,,,,,,,,,,,,,,,,,,,,,,,
"US1FLOR0030","ORLANDO 12.0 S, FL US","28.3645","-81.4146","26.8","2025-06-04",,,,,,,,,"9.1",",,N",,,,,,,,,,,,,,,,,,,,,,,,,,,,,,,,
"US1FLOR0030","ORLANDO 12.0 S, FL US","28.3645","-81.4146","26.8","2025-06-05",,,,,,,,,"21.1",",,N",,,,,,,,,,,,,,,,,,,,,,,,,,,,,,,,
"US1FLOR0030","ORLANDO 12.0 S, FL US","28.3645","-81.4146","26.8","2025-06-06",,,,,,,,,"0.0",",,N","0.0",",,N",,,,,,,,,,,,,,,,,,,,,,,,,,,,,,
"US1FLOR0030","ORLANDO 12.0 S, FL US","28.3645","-81.4146","26.8","2025-06-07",,,,,,,,,"10.2",",,N","0.0",",,N",,,,,,,,,,,,,,,,,,,,,,,,,,,,,,
"US1FLOR0030","ORLANDO 12.0 S, FL US","28.3645","-81.4146","26.8","2025-06-08",,,,,,,,,"0.0",",,N","0.0",",,N",,,,,,,,,,,,,,,,,,,,,,,,,,,,,,
"US1FLOR0030","ORLANDO 12.0 S, FL US","28.3645","-81.4146","26.8","2025-06-09",,,,,,,,,"0.0",",,N","0.0",",,N",,,,,,,,,,,,,,,,,,,,,,,,,,,,,,
"US1FLOR0030","ORLANDO 12.0 S, FL US","28.3645","-81.4146","26.8","2025-06-10",,,,,,,,,"0.0",",,N","0.0",",,N",,,,,,,,,,,,,,,,,,,,,,,,,,,,,,
"US1FLOR0030","ORLANDO 12.0 S, FL US","28.3645","-81.4146","26.8","2025-06-11",,,,,,,,,"5.1",",,N",,,,,,,,,,,,,,,,,,,,,,,,,,,,,,,,
"US1FLOR0030","ORLANDO 12.0 S, FL US","28.3645","-81.4146","26.8","2025-06-12",,,,,,,,,"0.0",",,N","0.0",",,N",,,,,,,,,,,,,,,,,,,,,,,,,,,,,,
"US1FLOR0030","ORLANDO 12.0 S, FL US","28.3645","-81.4146","26.8","2025-06-13",,,,,,,,,"1.5",",,N",,,,,,,,,,,,,,,,,,,,,,,,,,,,,,,,
"US1FLOR0030","ORLANDO 12.0 S, FL US","28.3645","-81.4146","26.8","2025-06-14",,,,,,,,,"0.8",",,N",,,,,,,,,,,,,,,,,,,,,,,,,,,,,,,,
"US1FLOR0030","ORLANDO 12.0 S, FL US","28.3645","-81.4146","26.8","2025-06-15",,,,,,,,,"0.0","T,,N",,,,,,,,,,,,,,,,,,,,,,,,,,,,,,,,
"US1FLOR0030","ORLANDO 12.0 S, FL US","28.3645","-81.4146","26.8","2025-06-16",,,,,,,,,"0.0",",,N","0.0",",,N",,,,,,,,,,,,,,,,,,,,,,,,,,,,,,
"US1FLOR0030","ORLANDO 12.0 S, FL US","28.3645","-81.4146","26.8","2025-06-17",,,,,,,,,"0.0",",,N","0.0",",,N",,,,,,,,,,,,,,,,,,,,,,,,,,,,,,
"US1FLOR0074","MEADOW WOOD 1.1 SSE, FL US","28.372126","-81.357818","27.7","2025-06-01",,,,,,,,,"9.7",",,N",,,,,,,,,,,,,,,,,,,,,,,,,,,,,,,,
"US1FLOR0074","MEADOW WOOD 1.1 SSE, FL US","28.372126","-81.357818","27.7","2025-06-02",,,,,,,,,"0.0","T,,N",,,,,,,,,,,,,,,,,,,,,,,,,,,,,,,,
"US1FLOR0074","MEADOW WOOD 1.1 SSE, FL US","28.372126","-81.357818","27.7","2025-06-03",,,,,,,,,"0.0","T,,N",,,,,,,,,,,,,,,,,,,,,,,,,,,,,,,,
"US1FLOR0074","MEADOW WOOD 1.1 SSE, FL US","28.372126","-81.357818","27.7","2025-06-04",,,,,,,,,"14.2",",,N",,,,,,,,,,,,,,,,,,,,,,,,,,,,,,,,
"US1FLOR0074","MEADOW WOOD 1.1 SSE, FL US","28.372126","-81.357818","27.7","2025-06-05",,,,,,,,,"23.9",",,N",,,,,,,,,,,,,,,,,,,,,,,,,,,,,,,,
"US1FLOR0074","MEADOW WOOD 1.1 SSE, FL US","28.372126","-81.357818","27.7","2025-06-06",,,,,,,,,"0.0","T,,N",,,,,,,,,,,,,,,,,,,,,,,,,,,,,,,,
"US1FLOR0074","MEADOW WOOD 1.1 SSE, FL US","28.372126","-81.357818","27.7","2025-06-07",,,,,,,,,"5.6",",,N",,,,,,,,,,,,,,,,,,,,,,,,,,,,,,,,
"US1FLOR0074","MEADOW WOOD 1.1 SSE, FL US","28.372126","-81.357818","27.7","2025-06-08",,,,,,,,,"0.0",",,N","0.0",",,N",,,,,,,,,,,,,,,,,,,,,,,,,,,,,,
"US1FLOR0074","MEADOW WOOD 1.1 SSE, FL US","28.372126","-81.357818","27.7","2025-06-09",,,,,,,,,"0.0",",,N","0.0",",,N",,,,,,,,,,,,,,,,,,,,,,,,,,,,,,
"US1FLOR0074","MEADOW WOOD 1.1 SSE, FL US","28.372126","-81.357818","27.7","2025-06-10",,,,,,,,,"0.0",",,N","0.0",",,N",,,,,,,,,,,,,,,,,,,,,,,,,,,,,,
"US1FLOR0074","MEADOW WOOD 1.1 SSE, FL US","28.372126","-81.357818","27.7","2025-06-11",,,,,,,,,"6.1",",,N",,,,,,,,,,,,,,,,,,,,,,,,,,,,,,,,
"US1FLOR0074","MEADOW WOOD 1.1 SSE, FL US","28.372126","-81.357818","27.7","2025-06-12",,,,,,,,,"0.0","T,,N",,,,,,,,,,,,,,,,,,,,,,,,,,,,,,,,
"US1FLOR0074","MEADOW WOOD 1.1 SSE, FL US","28.372126","-81.357818","27.7","2025-06-13",,,,,,,,,"0.0",",,N","0.0",",,N",,,,,,,,,,,,,,,,,,,,,,,,,,,,,,
"US1FLOR0074","MEADOW WOOD 1.1 SSE, FL US","28.372126","-81.357818","27.7","2025-06-14",,,,,,,,,"0.0",",,N","0.0",",,N",,,,,,,,,,,,,,,,,,,,,,,,,,,,,,
"US1FLOR0074","MEADOW WOOD 1.1 SSE, FL US","28.372126","-81.357818","27.7","2025-06-15",,,,,,,,,"0.0",",,N","0.0",",,N",,,,,,,,,,,,,,,,,,,,,,,,,,,,,,
"US1FLOR0074","MEADOW WOOD 1.1 SSE, FL US","28.372126","-81.357818","27.7","2025-06-16",,,,,,,,,"0.0",",,N","0.0",",,N",,,,,,,,,,,,,,,,,,,,,,,,,,,,,,
"US1FLOR0074","MEADOW WOOD 1.1 SSE, FL US","28.372126","-81.357818","27.7","2025-06-17",,,,,,,,,"4.1",",,N",,,,,,,,,,,,,,,,,,,,,,,,,,,,,,,,
"US1FLOR0054","APOPKA 1.0 E, FL US","28.6849","-81.4972","23.2","2025-06-01",,,,,,,,,"0.0",",,N","0.0",",,N",,,,,,,,,,,,,,,,,,,,,,,,,,,,,,
"US1FLOR0054","APOPKA 1.0 E, FL US","28.6849","-81.4972","23.2","2025-06-04",,,,,,,,,"10.4",",,N",,,,,,,,,,,,,,,,,,,,,,,,,,,,,,,,
"US1FLOR0054","APOPKA 1.0 E, FL US","28.6849","-81.4972","23.2","2025-06-05",,,,,,,,,"3.3",",,N",,,,,,,,,,,,,,,,,,,,,,,,,,,,,,,,
"US1FLOR0054","APOPKA 1.0 E, FL US","28.6849","-81.4972","23.2","2025-06-11",,,,,,,,,"11.9",",,N",,,,,,,,,,,,,,,,,,,,,,,,,,,,,,,,
"US1FLOR0054","APOPKA 1.0 E, FL US","28.6849","-81.4972","23.2","2025-06-13",,,,,,,,,"1.8",",,N",,,,,,,,,,,,,,,,,,,,,,,,,,,,,,,,
"US1FLOR0054","APOPKA 1.0 E, FL US","28.6849","-81.4972","23.2","2025-06-14",,,,,,,,,"0.5",",,N",,,,,,,,,,,,,,,,,,,,,,,,,,,,,,,,
"US1FLOR0054","APOPKA 1.0 E, FL US","28.6849","-81.4972","23.2","2025-06-15",,,,,,,,,"1.3",",,N",,,,,,,,,,,,,,,,,,,,,,,,,,,,,,,,
"US1FLOR0054","APOPKA 1.0 E, FL US","28.6849","-81.4972","23.2","2025-06-16",,,,,,,,,"1.3",",,N",,,,,,,,,,,,,,,,,,,,,,,,,,,,,,,,
"US1FLOR0054","APOPKA 1.0 E, FL US","28.6849","-81.4972","23.2","2025-06-17",,,,,,,,,"7.4",",,N",,,,,,,,,,,,,,,,,,,,,,,,,,,,,,,,
"US1FLSM0050","LONGWOOD 1.5 N, FL US","28.72293","-81.34552","15.2","2025-06-01",,,,,,,,,"0.0",",,N","0.0",",,N",,,,,,,,,,,,,,,,,,,,,,,,,,,,,,
"US1FLSM0050","LONGWOOD 1.5 N, FL US","28.72293","-81.34552","15.2","2025-06-02",,,,,,,,,"2.0",",,N",,,,,,,,,,,,,,,,,,,,,,,,,,,,,,,,
"US1FLSM0050","LONGWOOD 1.5 N, FL US","28.72293","-81.34552","15.2","2025-06-03",,,,,,,,,"2.3",",,N",,,,,,,,,,,,,,,,,,,,,,,,,,,,,,,,
"US1FLSM0050","LONGWOOD 1.5 N, FL US","28.72293","-81.34552","15.2","2025-06-04",,,,,,,,,"3.6",",,N",,,,,,,,,,,,,,,,,,,,,,,,,,,,,,,,
"US1FLSM0050","LONGWOOD 1.5 N, FL US","28.72293","-81.34552","15.2","2025-06-05",,,,,,,,,"4.1",",,N",,,,,,,,,,,,,,,,,,,,,,,,,,,,,,,,
"US1FLSM0050","LONGWOOD 1.5 N, FL US","28.72293","-81.34552","15.2","2025-06-06",,,,,,,,,"0.0",",,N","0.0",",,N",,,,,,,,,,,,,,,,,,,,,,,,,,,,,,
"US1FLSM0050","LONGWOOD 1.5 N, FL US","28.72293","-81.34552","15.2","2025-06-07",,,,,,,,,"0.0",",,N","0.0",",,N",,,,,,,,,,,,,,,,,,,,,,,,,,,,,,
"US1FLSM0050","LONGWOOD 1.5 N, FL US","28.72293","-81.34552","15.2","2025-06-08",,,,,,,,,"0.0",",,N","0.0",",,N",,,,,,,,,,,,,,,,,,,,,,,,,,,,,,
"US1FLSM0050","LONGWOOD 1.5 N, FL US","28.72293","-81.34552","15.2","2025-06-09",,,,,,,,,"0.0",",,N","0.0",",,N",,,,,,,,,,,,,,,,,,,,,,,,,,,,,,
"US1FLSM0050","LONGWOOD 1.5 N, FL US","28.72293","-81.34552","15.2","2025-06-10",,,,,,,,,"0.0",",,N","0.0",",,N",,,,,,,,,,,,,,,,,,,,,,,,,,,,,,
"US1FLOR0072","UNION PARK 3.1 SE, FL US","28.5381","-81.19318","30.8","2025-06-01",,,,,,,,,"0.0",",,N","0.0",",,N",,,,,,,,,,,,,,,,,,,,,,,,,,,,,,
"US1FLOR0072","UNION PARK 3.1 SE, FL US","28.5381","-81.19318","30.8","2025-06-02",,,,,,,,,"0.0",",,N","0.0",",,N",,,,,,,,,,,,,,,,,,,,,,,,,,,,,,
"US1FLOR0072","UNION PARK 3.1 SE, FL US","28.5381","-81.19318","30.8","2025-06-03",,,,,,,,,"0.8",",,N",,,,,,,,,,,,,,,,,,,,,,,,,,,,,,,,
"US1FLOR0072","UNION PARK 3.1 SE, FL US","28.5381","-81.19318","30.8","2025-06-04",,,,,,,,,"6.1",",,N",,,,,,,,,,,,,,,,,,,,,,,,,,,,,,,,
"US1FLOR0072","UNION PARK 3.1 SE, FL US","28.5381","-81.19318","30.8","2025-06-14",,,"   10",",,N","61.0",",,N",,,,,,,,,,,,,,,,,,,,,,,,,,,,,,,,,,,,
"US1FLOR0072","UNION PARK 3.1 SE, FL US","28.5381","-81.19318","30.8","2025-06-15",,,,,,,,,"0.0",",,N","0.0",",,N",,,,,,,,,,,,,,,,,,,,,,,,,,,,,,
"US1FLOR0072","UNION PARK 3.1 SE, FL US","28.5381","-81.19318","30.8","2025-06-16",,,,,,,,,"0.0",",,N","0.0",",,N",,,,,,,,,,,,,,,,,,,,,,,,,,,,,,
"US1FLOR0072","UNION PARK 3.1 SE, FL US","28.5381","-81.19318","30.8","2025-06-17",,,,,,,,,"0.0",",,N","0.0",",,N",,,,,,,,,,,,,,,,,,,,,,,,,,,,,,
